DEV1	 11317 15:40:25.61	OPSMAIN	MSG.OPS0123O	S JES2
DEV1	 11317 15:40:28.40	JES2	MSG.$HASP492	S NET.NET
DEV1	 11317 15:40:28.41	JES2	MSG.$HASP492	S OPER,N=INTDEV1
DEV1	 11317 15:40:28.42	JES2	MSG.$HASP492	S TMSINIT
DEV1	 11317 15:40:28.43	JES2	MSG.$HASP492	S SDSF
DEV1	 11317 15:40:28.45	JES2	MSG.$HASP492	S LOGROUTE
DEV1	 11317 15:40:28.45	JES2	MSG.$HASP492	S DFHSM
DEV1	 11317 15:40:28.47	JES2	MSG.$HASP492	S RESOLVE.RES
DEV1	 11317 15:40:31.89	TMSINIT	MSG.IEFTMS0	R 51,X
DEV1	 11317 15:40:35.32	NET	MSG.IST020I	$SLGN1-2
DEV1	 11317 15:40:35.33	NET	MSG.IST020I	$SLNE1-15
DEV1	 11317 15:40:35.33	NET	MSG.IST020I	S TCPIP
DEV1	 11317 15:40:35.34	NET	MSG.IST020I	S BBCS
DEV1	 11317 15:40:35.34	NET	MSG.IST020I	S BMCP
DEV1	 11317 15:40:35.37	NET	MSG.IST020I	S CMRSS
DEV1	 11317 15:40:35.39	NET	MSG.IST020I	S TSO
DEV1	 11317 15:40:35.42	NET	MSG.IST020I	S HYPERON
DEV1	 11317 15:40:35.43	NET	MSG.IST020I	V NET,ACT,ID=CDRM08
DEV1	 11317 15:40:35.44	NET	MSG.IST020I	S SYSBP
DEV1	 11317 15:40:35.45	NET	MSG.IST020I	S ATTDAEMN
DEV1	 11317 15:40:35.47	NET	MSG.IST020I	S SLGWRT.L,,,L
DEV1	 11317 15:40:35.48	NET	MSG.IST020I	S MXGTMNT
DEV1	 11317 15:40:37.33	SLGWRT	MSG.IEF176I	p L
DEV1	 11317 15:40:38.65	LMSINIT	MSG.LM5100I	S XDSSPROC
DEV1	 11317 15:40:38.66	LMSINIT	MSG.LM5100I	S STRBSM
DEV1	 11317 15:40:38.70	LMSINIT	MSG.LM5100I	S TDCAS
DEV1	 11317 15:40:38.77	LMSINIT	MSG.LM5100I	S BDCAS
DEV1	 11317 15:40:38.84	LMSINIT	MSG.LM5100I	S AAVIEWER
DEV1	 11317 15:40:38.90	LMSINIT	MSG.LM5100I	S CWINSTAL
DEV1	 11317 15:40:41.92	BMCP	MSG.BMCPISUP	S BMCBCSS
DEV1	 11317 15:41:17.64	CONSOLE	MSG.EZB6473I	S TN3270
DEV1	 11317 15:41:17.65	CONSOLE	MSG.EZB6473I	S SSHD
DEV1	 11317 15:41:17.65	CONSOLE	MSG.EZB6473I	+T1 START QMGR
DEV1	 11317 15:41:17.66	CONSOLE	MSG.EZB6473I	+m1 START QMGR
DEV1	 11317 15:41:17.67	CONSOLE	MSG.EZAIN11I	S CAIAGENT
DEV1	 11317 15:41:17.68	CONSOLE	MSG.EZAIN11I	S SNMPQE
DEV1	 11317 15:41:17.69	CONSOLE	MSG.EZAIN11I	S OSNMPD
DEV1	 11317 15:41:17.70	CONSOLE	MSG.EZAIN11I	S ENF
DEV1	 11317 15:41:17.71	CONSOLE	MSG.EZAIN11I	S TIMED
DEV1	 11317 15:41:23.96	QZT1MSTR	MSG.CSQY022I	+T1 START CHINIT
DEV1	 11317 15:41:24.41	QZM1MSTR	MSG.CSQY022X	+M1 START CHINIT
DEV1	 11317 15:41:25.38	BBCS	MSG.BBCSISUP	S CMF
DEV1	 11317 15:41:25.39	BBCS	MSG.BBCSISUP	S BBHPAS
DEV1	 11317 15:41:25.39	BBCS	MSG.BBCSISUP	S BBMXPJCL
DEV1	 11317 16:18:12.09	CA11	MSG.U11D0200	S CA7ICOM
DEV1	 11317 16:18:12.34	CA7ICOM	MSG.CA7574FS	S OPER,N=STSHFDSR,
LIH1	 11317 15:25:14.34	OPSMAIN	MSG.OPS0123O	S JES2
LIH1	 11317 15:25:29.26	JES2	MSG.$HASP492	S NET.NET
LIH1	 11317 15:25:29.28	JES2	MSG.$HASP492	S OPER,N=INTLIH1
LIH1	 11317 15:25:29.28	JES2	MSG.$HASP492	S TMSINIT
LIH1	 11317 15:25:29.29	JES2	MSG.$HASP492	S SDSF
LIH1	 11317 15:25:29.30	JES2	MSG.$HASP492	S LOGROUTE
LIH1	 11317 15:25:29.31	JES2	MSG.$HASP492	S DFHSM
LIH1	 11317 15:25:29.33	JES2	MSG.$HASP492	S RESOLVE.RES
LIH1	 11317 15:25:30.80	TMSINIT	MSG.IEFTMS0	R 40,X
LIH1	 11317 15:25:30.88	TMSINIT	MSG.IEFTMS4	R 41,U
LIH1	 11317 15:25:35.48	NET	MSG.IST020I	$SLGN1-2
LIH1	 11317 15:25:35.49	NET	MSG.IST020I	$SLNE1-15
LIH1	 11317 15:25:35.49	NET	MSG.IST020I	S TCPIP
LIH1	 11317 15:25:35.51	NET	MSG.IST020I	S BBCS
LIH1	 11317 15:25:35.54	NET	MSG.IST020I	S BMCP
LIH1	 11317 15:25:35.56	NET	MSG.IST020I	S CMRSS
LIH1	 11317 15:25:35.56	NET	MSG.IST020I	S TSO
LIH1	 11317 15:25:35.57	NET	MSG.IST020I	S HYPERON
LIH1	 11317 15:25:35.60	NET	MSG.IST020I	S VVP
LIH1	 11317 15:25:35.60	NET	MSG.IST020I	v net,act,id=cdrm09
LIH1	 11317 15:25:35.61	NET	MSG.IST020I	S DRXSMF
LIH1	 11317 15:25:35.62	NET	MSG.IST020I	S SYSBP
LIH1	 11317 15:25:35.64	NET	MSG.IST020I	S ATTDAEMN
LIH1	 11317 15:25:35.66	NET	MSG.IST020I	S SLGWRT.L,,,L
LIH1	 11317 15:25:35.67	NET	MSG.IST020I	S CAPKJMR
LIH1	 11317 15:25:35.68	NET	MSG.IST020I	S MXGTMNT
LIH1	 11317 15:25:39.38	LMSINIT	MSG.LM5100I	S XDSSPROC
LIH1	 11317 15:25:39.39	LMSINIT	MSG.LM5100I	S STRBSM
LIH1	 11317 15:25:39.41	LMSINIT	MSG.LM5100I	S TDCAS
LIH1	 11317 15:25:39.44	LMSINIT	MSG.LM5100I	S BDCAS
LIH1	 11317 15:25:39.47	LMSINIT	MSG.LM5100I	S AAVIEWER
LIH1	 11317 15:25:39.50	LMSINIT	MSG.LM5100I	S CWINSTAL
LIH1	 11317 15:25:39.86	SLGWRT	MSG.IEF176I	p L
LIH1	 11317 15:25:41.43	BMCP	MSG.BMCPISUP	S BMCBCSS
LIH1	 11317 15:25:42.15	DRXSMF	MSG.OTCD1034	e DRXSMF,
LIH1	 11317 15:26:16.98	CONSOLE	MSG.EZB6473I	S TN3270
LIH1	 11317 15:26:17.00	CONSOLE	MSG.EZB6473I	S SSHD
LIH1	 11317 15:26:17.01	CONSOLE	MSG.EZB6473I	S JQP
LIH1	 11317 15:26:17.01	CONSOLE	MSG.EZB6473I	S IMWEBSRV
LIH1	 11317 15:26:17.02	CONSOLE	MSG.EZB6473I	S E2COMM
LIH1	 11317 15:26:17.03	CONSOLE	MSG.EZB6473I	+P1 START QMGR
LIH1	 11317 15:26:17.04	CONSOLE	MSG.EZAIN11I	S CAIAGENT
LIH1	 11317 15:26:17.04	CONSOLE	MSG.EZAIN11I	S SNMPQE
LIH1	 11317 15:26:17.05	CONSOLE	MSG.EZAIN11I	S OSNMPD
LIH1	 11317 15:26:17.05	CONSOLE	MSG.EZAIN11I	S DTLSTNR
LIH1	 11317 15:26:17.06	CONSOLE	MSG.EZAIN11I	S DRXPWEB
LIH1	 11317 15:26:17.07	CONSOLE	MSG.EZAIN11I	S ENF
LIH1	 11317 15:26:17.07	CONSOLE	MSG.EZAIN11I	S TIMED
LIH1	 11317 15:26:18.98	DTLSTNR	MSG.DTLFAST	E DTLSTNR,
LIH1	 11317 15:26:23.94	QZP1MSTR	MSG.CSQY022Y	+P1 START CHINIT
LIH1	 11317 15:26:33.96	BBCS	MSG.BBCSISUP	S CMF
LIH1	 11317 15:26:33.97	BBCS	MSG.BBCSISUP	S BBHPAS
LIH1	 11317 15:26:33.97	BBCS	MSG.BBCSISUP	S BBMXPJCL
LIH1	 11317 16:17:57.48	CA11MUF	MSG.DB00215I	S CA11
LIH1	 11317 16:18:01.74	CA11	MSG.U11D0200	S CA7ICOM
LIH1	 11317 16:18:02.02	CA7ICOM	MSG.CA7574	S CA7ONL
LIH1	 11317 16:18:10.41	CA7ONL	MSG.CA7004	S CPM
LIH1	 11317 16:18:10.41	CA7ONL	MSG.CA7004A	S OPER,N=STSHFSSR,
LIH1	 11317 16:18:10.42	CA7ONL	MSG.CA7004L	F CA7ONL,/LOGON 
LIH1	 11317 17:00:00.95	SLGWRT	MSG.IEF176I	p L
LIH1	 11317 18:31:26.26	ENF	MSG.CAS9626I	S CPS
LIH1	 11317 18:31:26.27	ENF	MSG.CAS9626I	S CA11MUF
LIH1	 11317 18:31:26.29	ENF	MSG.CAS9626I	S ENFSNMPM
LIH1	 11317 18:31:26.30	ENF	MSG.CAS9626I	S CAGTS,ID=&SYSNAM
LIH1	 11317 19:07:15.38	ENF	MSG.CAS9227A	R 70,Y
LIH1	 11317 19:09:10.33	ENF	MSG.CAS9626I	S CPS
LIH1	 11317 19:09:10.35	ENF	MSG.CAS9626I	S CA11MUF
LIH1	 11317 19:09:10.36	ENF	MSG.CAS9626I	S ENFSNMPM
LIH1	 11317 19:09:10.38	ENF	MSG.CAS9626I	S CAGTS,ID=&SYSNAM
LIH1	 11317 19:18:10.10	ENF	MSG.CAS9227A	R 71,Y
LIH1	 11317 19:38:56.72	ENF	MSG.CAS9626I	S CPS
LIH1	 11317 19:38:56.75	ENF	MSG.CAS9626I	S CA11MUF
LIH1	 11317 19:38:56.77	ENF	MSG.CAS9626I	S ENFSNMPM
LIH1	 11317 19:38:56.79	ENF	MSG.CAS9626I	S CAGTS,ID=&SYSNAM
LIH1	 11317 20:05:15.18	CA7ONL	MSG.CA7004	S CPM
LIH1	 11317 20:05:15.18	CA7ONL	MSG.CA7004A	S OPER,N=STSHFSSR,
LIH1	 11317 20:05:15.19	CA7ONL	MSG.CA7004L	F CA7ONL,/LOGON 
LIH1	 11317 20:48:56.16	CA7ONL	MSG.PDCHPAGL	F CA7ONL,DEMAND,
LIH1	 11317 22:44:00.47	JES2	CMD.STARPROD	S PCICS1
LIH1	 11317 22:44:00.48	JES2	CMD.STARPROD	S PCICS3
LIH1	 11317 22:44:00.49	JES2	CMD.STARPROD	S PCICS8
LIH1	 11317 22:44:00.50	JES2	CMD.STARPROD	S PCICSV
LIH1	 11317 22:44:27.09	PCICS1	MSG.DFH1715P	F CA7ONL,DEMAND,
LIH1	 11317 23:50:00.65	JES2	CMD.STOPPF	F PCICSF,CEMT PERF,
LIH1	 11317 23:50:00.67	JES2	CMD.STOPPW	F PCICSW,CEMT PERF,
LIH1	 11318 00:00:01.64	JES2	CMD.STARPFVW	S PCICSF
LIH1	 11318 00:00:01.65	JES2	CMD.STARPFVW	S PCICSV
LIH1	 11318 00:00:01.66	JES2	CMD.STARPFVW	S PCICSW
LIH1	 11318 00:00:24.55	IEESYSAS	MSG.IEE391A	s dumpsmf.MAN1,
LIH1	 11318 03:00:15.55	CA7ONL	MSG.PDCHPAGL	F CA7ONL,DEMAND,
LIH1	 11318 04:00:02.73	JES2	CMD.STARPROD	S PCICSV
LIH1	 11318 04:00:03.97	JES2	CMD.STOPC1	F CCICS1,CEMT PERF,
LIH1	 11318 04:16:46.34	IEESYSAS	MSG.IEE391A	s dumpsmf.MAN2,
LIH1	 11318 05:30:00.64	IEESYSAS	MSG.IEE391A	s dumpsmf.MAN1,
LIH1	 11318 07:00:23.04	IEESYSAS	MSG.IEE391A	s dumpsmf.MAN2,
LIH1	 11318 07:00:23.58	DUMPSMF	MSG.IEF099I1	D GRS,ANALYZE,
LIH1	 11318 07:13:28.17	CA7ONL	MSG.PDCHPAGL	F CA7ONL,DEMAND,
LIH1	 11318 08:18:24.90	IEESYSAS	MSG.IEE391A	s dumpsmf.MAN1,
LIH1	 11318 08:54:55.22	IEESYSAS	MSG.IEE391A	s dumpsmf.MAN2,
LIH1	 11318 09:11:41.77	CONSOLE	MSG.IEE185I	V CN(LIH1SM04),
LIH1	 11318 09:11:41.78	CONSOLE	MSG.IEE185I	K A,NONE,L=LIH1SM04
LIH1	 11318 09:11:41.78	CONSOLE	MSG.IEE185I	K S,MFORM=(T,J),
LIH1	 11318 09:11:41.82	CONSOLE	MSG.IEE185I	MN JOBNAMES,T,
LIH1	 11318 09:41:15.92	IEESYSAS	MSG.IEE391A	s dumpsmf.MAN1,
LIH1	 11318 10:35:20.00	IEESYSAS	MSG.IEE391A	s dumpsmf.MAN2,
LIH1	 11318 11:25:02.71	IEESYSAS	MSG.IEE391A	s dumpsmf.MAN1,
LIH1	 11318 12:21:55.58	IEESYSAS	MSG.IEE391A	s dumpsmf.MAN2,
LIH1	 11318 13:27:55.54	IEESYSAS	MSG.IEE391A	s dumpsmf.MAN1,
LIH1	 11318 14:00:04.11	JES2	CMD.STOPCLON	F CCICS1,CEMT PERF
LIH1	 11318 14:00:04.11	JES2	CMD.STOPCLON	F CCICS8,CEMT PERF
LIH1	 11318 14:00:05.68	JES2	CMD.STOPC3	F CCICS3,CEMT PERF,
LIH1	 11318 14:25:25.60	IEESYSAS	MSG.IEE391A	s dumpsmf.MAN2,
LIH1	 11318 14:29:13.99	CA7ONL	MSG.CA7004	S CPM
LIH1	 11318 14:29:14.00	CA7ONL	MSG.CA7004A	S OPER,N=STSHFSSR,
LIH1	 11318 14:29:14.01	CA7ONL	MSG.CA7004L	F CA7ONL,/LOGON 
LIH1	 11318 15:29:12.03	CONSOLE	MSG.IEE185I	V CN(LIH1SM05),
LIH1	 11318 15:29:12.03	CONSOLE	MSG.IEE185I	K A,NONE,L=LIH1SM05
LIH1	 11318 15:29:12.04	CONSOLE	MSG.IEE185I	K S,MFORM=(T,J),
LIH1	 11318 15:29:12.05	CONSOLE	MSG.IEE185I	MN JOBNAMES,T,
LIH1	 11318 15:30:07.04	IEESYSAS	MSG.IEE391A	s dumpsmf.MAN1,
LIH1	 11318 15:41:18.74	CONSOLE	MSG.IEE185I	V CN(LIH1SM05),
LIH1	 11318 15:41:18.75	CONSOLE	MSG.IEE185I	PM JOBNAMES,
LIH1	 11318 16:59:24.05	IEESYSAS	MSG.IEE391A	s dumpsmf.MAN2,
DEV1	 11317 18:32:26.57	ENF	MSG.CAS9626I	s ca11
DEV1	 11317 18:32:26.58	ENF	MSG.CAS9626I	S ENFSNMPM
DEV1	 11317 18:32:26.59	ENF	MSG.CAS9626I	S CAGTS,ID=&SYSNAM
DEV1	 11317 19:18:10.14	ENF	MSG.CAS9227A	R 72,Y
DEV1	 11317 19:30:18.47	ENF	MSG.CAS9626I	s ca11
DEV1	 11317 19:30:18.49	ENF	MSG.CAS9626I	S ENFSNMPM
DEV1	 11317 19:30:18.50	ENF	MSG.CAS9626I	S CAGTS,ID=&SYSNAM
DEV1	 11317 19:33:53.51	ENF	MSG.CAS9227A	R 73,Y
DEV1	 11317 19:41:30.76	ENF	MSG.CAS9626I	s ca11
DEV1	 11317 19:41:30.78	ENF	MSG.CAS9626I	S ENFSNMPM
DEV1	 11317 19:41:30.79	ENF	MSG.CAS9626I	S CAGTS,ID=&SYSNAM
DEV1	 11317 23:50:01.39	JES2	CMD.STOPMF	F MCICSF,CEMT PERF,
DEV1	 11318 00:00:30.49	IEESYSAS	MSG.IEE391A	s dumpsmf.MAN1,
DEV1	 11318 00:00:31.05	DUMPSMF	MSG.IEF099I1	D GRS,ANALYZE,
DEV1	 11318 02:05:16.62	DFHSM	MSG.ARC0909E	f dfhsm,backvol 
DEV1	 11318 05:55:01.19	JES2	CMD.STARMDOF	S MCICS1
DEV1	 11318 05:55:01.20	JES2	CMD.STARMDOF	S MCICS8
DEV1	 11318 06:00:02.69	JES2	CMD.STARTEST	S TCICS1
DEV1	 11318 06:00:02.70	JES2	CMD.STARTEST	S TCICS3
DEV1	 11318 06:00:02.72	JES2	CMD.STARTEST	S TCICS6
DEV1	 11318 06:00:02.73	JES2	CMD.STARTEST	S TCICS8
DEV1	 11318 06:00:02.75	JES2	CMD.STARTEST	S TCICSF
DEV1	 11318 07:00:19.58	IEESYSAS	MSG.IEE391A	s dumpsmf.MAN2,
DEV1	 11318 09:57:30.79	IEESYSAS	MSG.IEE391A	s dumpsmf.MAN1,
DEV1	 11318 12:01:00.39	IEESYSAS	MSG.IEE391A	s dumpsmf.MAN2,
DEV1	 11318 12:01:01.69	DUMPSMF	MSG.IEF099I1	D GRS,ANALYZE,
DEV1	 11318 13:38:03.99	IEESYSAS	MSG.IEE391A	s dumpsmf.MAN1,
DEV1	 11318 15:01:21.66	JES2	MSG.$HASP308	$DMJOB02099,'JOB 
DEV1	 11318 15:01:21.67	JES2	MSG.$HASP308	$CJ(02099)
DEV1	 11318 15:05:52.59	IEESYSAS	MSG.IEE391A	s dumpsmf.MAN2,
DEV1	 11318 16:01:00.34	IEESYSAS	MSG.IEE391A	s dumpsmf.MAN1,
DEV1	 11318 18:00:05.38	JES2	CMD.STOPM1	F MCICS1,CEMT PERF,
DEV1	 11318 18:03:26.56	MAPH010D	MSG.IEC161I	D GRS,RES=(SYSVSAM,
DEV1	 11318 18:03:30.52	JES2	CMD.STOPM8	F MCICS8,CEMT PERF,
DEV1	 11318 18:04:40.64	IEESYSAS	MSG.IEE391A	s dumpsmf.MAN2,
DEV1	 11318 19:01:18.95	IEESYSAS	MSG.IXG310I	f res,space,lihlg,
DEV1	 11318 19:01:18.96	IEESYSAS	MSG.IXG310I	d grs,c
DEV1	 11318 19:01:18.96	IEESYSAS	MSG.IXG310I	f res,space,lihlg,
DEV1	 11318 19:01:18.97	IEESYSAS	MSG.IXG310I	d grs,c
DEV1	 11318 19:01:18.98	IEESYSAS	MSG.IXG310I	f res,space,lihlg,
DEV1	 11318 19:01:18.99	IEESYSAS	MSG.IXG310I	d grs,c
DEV1	 11318 19:15:24.52	JES2	CMD.STOPIM	F IMCM,CEMT PERF,
DEV1	 11318 19:33:26.64	IEESYSAS	MSG.IEE391A	s dumpsmf.MAN1,
DEV1	 11318 20:21:12.50	INIT	MSG.IEF099I1	D GRS,ANALYZE,
DEV1	 11318 21:00:02.63	JES2	CMD.STOPTF	F TCICSF,CEMT PERF,
DEV1	 11318 21:01:01.32	JES2	CMD.STOPT1	F TCICS1,CEMT PERF,
DEV1	 11318 21:02:01.31	JES2	CMD.STOPT3	F TCICS3,CEMT PERF,
DEV1	 11318 21:03:00.73	JES2	CMD.STOPT6	F TCICS6,CEMT PERF,
DEV1	 11318 21:05:01.32	JES2	CMD.STOPT8	F TCICS8,CEMT PERF,
DEV1	 11318 21:34:43.75	IEESYSAS	MSG.IEE391A	s dumpsmf.MAN2,
DEV1	 11318 22:35:16.61	IEESYSAS	MSG.IEE391A	s dumpsmf.MAN1,
DEV1	 11319 00:00:46.88	IEESYSAS	MSG.IEE391A	s dumpsmf.MAN2,
DEV1	 11319 00:00:48.39	DUMPSMF	MSG.IEF099I1	D GRS,ANALYZE,
DEV1	 11319 04:40:34.91	IEESYSAS	MSG.IEE391A	s dumpsmf.MAN1,
DEV1	 11319 05:55:01.27	JES2	CMD.STARMDOF	S MCICS1
DEV1	 11319 05:55:01.29	JES2	CMD.STARMDOF	S MCICS8
DEV1	 11319 06:00:02.33	JES2	CMD.STARTEST	S TCICS1
DEV1	 11319 06:00:02.34	JES2	CMD.STARTEST	S TCICS3
DEV1	 11319 06:00:02.36	JES2	CMD.STARTEST	S TCICS6
DEV1	 11319 06:00:02.39	JES2	CMD.STARTEST	S TCICS8
DEV1	 11319 06:00:02.54	JES2	CMD.STARTEST	S TCICSF
DEV1	 11319 07:00:30.25	IEESYSAS	MSG.IEE391A	s dumpsmf.MAN2,
DEV1	 11319 09:46:58.50	IEESYSAS	MSG.IEE391A	s dumpsmf.MAN1,
DEV1	 11319 11:43:19.78	JES2	MSG.$HASP308	$DMJOB03459,'JOB 
DEV1	 11319 11:43:19.80	JES2	MSG.$HASP308	$CJ(03459)
DEV1	 11319 12:30:02.29	IEESYSAS	MSG.IEE391A	s dumpsmf.MAN2,
DEV1	 11319 14:29:04.62	IEESYSAS	MSG.IEE391A	s dumpsmf.MAN1,
DEV1	 11319 15:02:00.06	BMCCAS	MSG.BMC11848	BCSS SHUTDOWN
DEV1	 11319 15:02:15.37	BMCBCSS	MSG.BMC11228	BMCP SHUTDOWN
DEV1	 11319 15:31:32.12	MSTJCL00	MSG.IEFC452Y	SEND 'IEFC452I 
DEV1	 11319 15:31:32.13	MSTJCL00	MSG.IEFC452Y	RO LIH1,SEND 
DEV1	 11319 15:31:46.53	BMCP	MSG.BMCPISUP	S BMCBCSS
DEV1	 11319 15:55:03.75	IEESYSAS	MSG.IEE391A	s dumpsmf.MAN2,
LIH1	 11318 17:00:07.03	SLGWRT	MSG.IEF176I	p L
LIH1	 11318 17:16:55.33	CONSOLE	MSG.IEE185I	V CN(LIH1SM04),
LIH1	 11318 17:16:55.33	CONSOLE	MSG.IEE185I	PM JOBNAMES,
LIH1	 11318 18:00:16.51	CA7ONL	MSG.PDCHPAGL	F CA7ONL,DEMAND,
LIH1	 11318 18:00:26.65	CA7ONL	MSG.PDCHPAGL	F CA7ONL,DEMAND,
LIH1	 11318 19:00:41.12	DFHSM	MSG.ARC0909E	f dfhsm,backvol 
LIH1	 11318 19:10:11.43	CA7ONL	MSG.PDCHPAGL	F CA7ONL,DEMAND,
LIH1	 11318 19:18:52.85	CA7ONL	MSG.PDCHPAGL	F CA7ONL,DEMAND,
LIH1	 11318 19:19:12.95	CA7ONL	MSG.PDCHPAGL	F CA7ONL,DEMAND,
LIH1	 11318 19:21:13.31	CA7ONL	MSG.PDCHPAGL	F CA7ONL,DEMAND,
LIH1	 11318 19:52:06.44	CA7ONL	MSG.PDCHPAGL	F CA7ONL,DEMAND,
LIH1	 11318 20:53:58.35	IEESYSAS	MSG.IEE391A	s dumpsmf.MAN1,
LIH1	 11318 22:52:25.45	CA7ONL	MSG.PDCHPAGL	F CA7ONL,DEMAND,
LIH1	 11318 23:05:00.44	JES2	CMD.STOPP8	F PCICS8,CEMT PERF,
LIH1	 11318 23:05:01.07	JES2	CMD.STOPP1	F PCICS1,CEMT PERF,
LIH1	 11318 23:05:01.16	PCICS1	MSG.DFH1715Q	F CA7ONL,DEMAND,
LIH1	 11318 23:06:02.42	PCICS1	MSG.DFH1799F	F CA7ONL,POST,
LIH1	 11318 23:06:54.76	PCICS8	MSG.DFH1799B	F CA7ONL,POST,
LIH1	 11318 23:53:57.93	JES2	CMD.STOPP3	F PCICS3,CEMT PERF,
LIH1	 11318 23:54:33.63	PCICS3	MSG.DFH1799A	F CA7ONL,POST,
LIH1	 11319 00:00:34.88	IEESYSAS	MSG.IEE391A	s dumpsmf.MAN2,
LIH1	 11319 00:05:15.07	PAPH010D	MSG.IEC161I	D GRS,RES=(SYSVSAM,
LIH1	 11319 01:00:55.08	INIT	MSG.DTLFAST	E DTL00001,
LIH1	 11319 01:04:05.42	INIT	MSG.DTLFAST	E DTL00002,
LIH1	 11319 01:06:56.16	INIT	MSG.DTLFAST	E DTL00003,
LIH1	 11319 02:04:05.13	INIT	MSG.IEF404IP	F CA7ONL,DEMAND,
LIH1	 11319 03:33:49.55	INIT	MSG.PPRI226D	E DTLSTNR,
LIH1	 11319 03:44:22.00	IEESYSAS	MSG.IEE391A	s dumpsmf.MAN1,
LIH1	 11319 04:00:03.39	JES2	CMD.STARPROD	S PCICS1
LIH1	 11319 04:00:03.39	JES2	CMD.STARPROD	S PCICSV
LIH1	 11319 04:00:04.88	JES2	CMD.STOPC1	F CCICS1,CEMT PERF,
LIH1	 11319 04:00:37.95	PCICS1	MSG.DFH1715P	F CA7ONL,DEMAND,
LIH1	 11319 04:59:48.88	IEESYSAS	MSG.IEE391A	s dumpsmf.MAN2,
LIH1	 11319 05:33:49.27	OPSMAIN	*DYNAMIC.PPRI226D	E DTLSTNR,
LIH1	 11319 05:49:31.46	IEESYSAS	MSG.IEE391A	s dumpsmf.MAN1,
LIH1	 11319 06:32:07.22	CA7ONL	MSG.PDCHPAGL	F CA7ONL,DEMAND,
LIH1	 11319 07:00:30.26	IEESYSAS	MSG.IEE391A	s dumpsmf.MAN2,
LIH1	 11319 07:00:31.59	DUMPSMF	MSG.IEF099I1	D GRS,ANALYZE,
LIH1	 11319 07:59:04.74	IEESYSAS	MSG.IEE391A	s dumpsmf.MAN1,
LIH1	 11319 08:32:05.09	IEESYSAS	MSG.IEE391A	s dumpsmf.MAN2,
LIH1	 11319 08:58:06.22	CA7ONL	MSG.PDCHPAGL	F CA7ONL,DEMAND,
LIH1	 11319 09:01:26.70	CA7ONL	MSG.PDCHPAGL	F CA7ONL,DEMAND,
LIH1	 11319 09:08:31.42	IEESYSAS	MSG.IEE391A	s dumpsmf.MAN1,
LIH1	 11319 09:57:24.22	IEESYSAS	MSG.IEE391A	s dumpsmf.MAN2,
LIH1	 11319 10:46:18.93	IEESYSAS	MSG.IEE391A	s dumpsmf.MAN1,
LIH1	 11319 11:44:15.96	IEESYSAS	MSG.IEE391A	s dumpsmf.MAN2,
LIH1	 11319 12:09:55.60	IEESYSAS	MSG.IEE391A	s dumpsmf.MAN1,
LIH1	 11319 12:28:05.90	IEESYSAS	MSG.IEE391A	s dumpsmf.MAN2,
LIH1	 11319 13:02:46.39	IEESYSAS	MSG.IEE391A	s dumpsmf.MAN1,
LIH1	 11319 14:00:04.97	JES2	CMD.STOPC3	F CCICS3,CEMT PERF,
LIH1	 11319 14:00:05.28	JES2	CMD.STOPCLON	F CCICS1,CEMT PERF
LIH1	 11319 14:00:05.29	JES2	CMD.STOPCLON	F CCICS8,CEMT PERF
LIH1	 11319 14:04:01.52	IEESYSAS	MSG.IEE391A	s dumpsmf.MAN2,
LIH1	 11319 15:02:00.55	BMCCAS	MSG.BMC11848	BCSS SHUTDOWN
LIH1	 11319 15:02:15.90	BMCBCSS	MSG.BMC11228	BMCP SHUTDOWN
LIH1	 11319 15:07:22.78	IEESYSAS	MSG.IEE391A	s dumpsmf.MAN1,
LIH1	 11319 15:26:05.34	MSTJCL00	MSG.IEFC452Y	SEND 'IEFC452I 
LIH1	 11319 15:26:05.35	MSTJCL00	MSG.IEFC452Y	RO LIH1,SEND 
LIH1	 11319 15:27:33.68	BMCP	MSG.BMCPISUP	S BMCBCSS
LIH1	 11319 16:13:42.60	IEESYSAS	MSG.IEE391A	s dumpsmf.MAN2,
DEV1	 11319 17:10:31.72	IEESYSAS	MSG.IEE391A	s dumpsmf.MAN1,
DEV1	 11319 18:00:05.89	JES2	CMD.STOPM1	F MCICS1,CEMT PERF,
DEV1	 11319 18:01:29.13	MSTJCL00	MSG.IOS071I	RO T=30,*ALL,D GRS,
DEV1	 11319 18:01:29.14	MSTJCL00	MSG.IOS071I	RO T=30,*ALL,D U,,,
DEV1	 11319 18:01:29.15	MSTJCL00	MSG.IOS071I	RO T=30,*ALL,F RES,
DEV1	 11319 18:01:29.15	MSTJCL00	MSG.IOS071I	RO T=30,*ALL,F RES,
DEV1	 11319 18:01:33.14	MSTJCL00	MSG.IOS071I	RO T=30,*ALL,D GRS,
DEV1	 11319 18:01:33.15	MSTJCL00	MSG.IOS071I	RO T=30,*ALL,D U,,,
DEV1	 11319 18:01:33.15	MSTJCL00	MSG.IOS071I	RO T=30,*ALL,F RES,
DEV1	 11319 18:01:33.16	MSTJCL00	MSG.IOS071I	RO T=30,*ALL,F RES,
DEV1	 11319 18:03:36.84	MAPH010D	MSG.IEC161I	D GRS,RES=(SYSVSAM,
DEV1	 11319 18:05:16.13	JES2	CMD.STOPM8	F MCICS8,CEMT PERF,
DEV1	 11319 19:04:33.19	IEESYSAS	MSG.IEE391A	s dumpsmf.MAN2,
DEV1	 11319 19:08:28.45	JES2	CMD.STOPIM	F IMCM,CEMT PERF,
DEV1	 11319 20:30:00.86	IEESYSAS	MSG.IEE391A	s dumpsmf.MAN1,
DEV1	 11319 21:01:36.55	JES2	CMD.STOPTF	F TCICSF,CEMT PERF,
DEV1	 11319 21:01:38.76	JES2	CMD.STOPT1	F TCICS1,CEMT PERF,
DEV1	 11319 21:02:21.67	JES2	CMD.STOPT3	F TCICS3,CEMT PERF,
DEV1	 11319 21:04:04.47	JES2	CMD.STOPT6	F TCICS6,CEMT PERF,
DEV1	 11319 21:05:01.74	JES2	CMD.STOPT8	F TCICS8,CEMT PERF,
DEV1	 11319 21:19:04.19	IEESYSAS	MSG.IEE391A	s dumpsmf.MAN2,
DEV1	 11319 23:08:01.47	IEESYSAS	MSG.IEE391A	s dumpsmf.MAN1,
DEV1	 11320 00:00:24.43	IEESYSAS	MSG.IEE391A	s dumpsmf.MAN2,
DEV1	 11320 05:55:01.27	JES2	CMD.STARMDOF	S MCICS1
DEV1	 11320 05:55:01.28	JES2	CMD.STARMDOF	S MCICS8
DEV1	 11320 06:00:00.96	IEESYSAS	MSG.IEE391A	s dumpsmf.MAN1,
DEV1	 11320 06:00:02.20	JES2	CMD.STARTEST	S TCICS1
DEV1	 11320 06:00:02.21	JES2	CMD.STARTEST	S TCICS3
DEV1	 11320 06:00:02.24	JES2	CMD.STARTEST	S TCICS6
DEV1	 11320 06:00:02.25	JES2	CMD.STARTEST	S TCICS8
DEV1	 11320 06:00:02.27	JES2	CMD.STARTEST	S TCICSF
DEV1	 11320 07:00:30.49	IEESYSAS	MSG.IEE391A	s dumpsmf.MAN2,
DEV1	 11320 09:45:02.13	IEESYSAS	MSG.IEE391A	s dumpsmf.MAN1,
DEV1	 11320 12:20:55.53	IEESYSAS	MSG.IEE391A	s dumpsmf.MAN2,
DEV1	 11320 14:45:39.63	IEESYSAS	MSG.IEE391A	s dumpsmf.MAN1,
DEV1	 11320 16:44:12.06	IEESYSAS	MSG.IEE391A	s dumpsmf.MAN2,
LIH1	 11319 17:00:03.27	SLGWRT	MSG.IEF176I	p L
LIH1	 11319 17:57:25.98	IEESYSAS	MSG.IEE391A	s dumpsmf.MAN1,
LIH1	 11319 18:00:41.43	DFHSM	MSG.ARC0909E	f dfhsm,backvol 
LIH1	 11319 22:30:01.30	IEESYSAS	MSG.IEE391A	s dumpsmf.MAN2,
LIH1	 11319 23:05:00.80	JES2	CMD.STOPP8	F PCICS8,CEMT PERF,
LIH1	 11319 23:05:01.17	JES2	CMD.STOPP1	F PCICS1,CEMT PERF,
LIH1	 11319 23:05:01.22	PCICS1	MSG.DFH1715Q	F CA7ONL,DEMAND,
LIH1	 11319 23:06:05.77	PCICS1	MSG.DFH1799F	F CA7ONL,POST,
LIH1	 11319 23:06:44.46	PCICS8	MSG.DFH1799B	F CA7ONL,POST,
LIH1	 11319 23:51:51.04	JES2	CMD.STOPP3	F PCICS3,CEMT PERF,
LIH1	 11319 23:52:22.62	PCICS3	MSG.DFH1799A	F CA7ONL,POST,
LIH1	 11320 00:00:32.27	IEESYSAS	MSG.IEE391A	s dumpsmf.MAN1,
LIH1	 11320 00:00:32.79	DUMPSMF	MSG.IEF099I1	D GRS,ANALYZE,
LIH1	 11320 00:03:06.73	PAPH010D	MSG.IEC161I	D GRS,RES=(SYSVSAM,
LIH1	 11320 00:40:23.92	INIT	MSG.DTLFAST	E DTL00004,
LIH1	 11320 00:43:36.10	INIT	MSG.DTLFAST	E DTL00005,
LIH1	 11320 00:46:37.53	INIT	MSG.DTLFAST	E DTL00006,
LIH1	 11320 01:29:37.96	INIT	MSG.IEF404IP	F CA7ONL,DEMAND,
LIH1	 11320 02:56:40.64	INIT	MSG.PPRI226D	E DTLSTNR,
LIH1	 11320 03:32:34.25	IEESYSAS	MSG.IEE391A	s dumpsmf.MAN2,
LIH1	 11320 04:00:03.85	JES2	CMD.STARPROD	S PCICS1
LIH1	 11320 04:00:03.86	JES2	CMD.STARPROD	S PCICSV
LIH1	 11320 04:00:07.13	JES2	CMD.STOPC1	F CCICS1,CEMT PERF,
LIH1	 11320 04:00:38.45	PCICS1	MSG.DFH1715P	F CA7ONL,DEMAND,
LIH1	 11320 04:56:40.45	OPSMAIN	*DYNAMIC.PPRI226D	E DTLSTNR,
LIH1	 11320 05:03:06.78	IEESYSAS	MSG.IEE391A	s dumpsmf.MAN1,
LIH1	 11320 05:57:00.13	IEESYSAS	MSG.IEE391A	s dumpsmf.MAN2,
LIH1	 11320 07:00:30.51	IEESYSAS	MSG.IEE391A	s dumpsmf.MAN1,
LIH1	 11320 07:00:31.84	DUMPSMF	MSG.IEF099I1	D GRS,ANALYZE,
LIH1	 11320 07:49:28.76	IEESYSAS	MSG.IEE391A	s dumpsmf.MAN2,
LIH1	 11320 08:01:23.20	CA7ONL	MSG.PDCHPAGL	F CA7ONL,DEMAND,
LIH1	 11320 08:22:11.78	IEESYSAS	MSG.IEE391A	s dumpsmf.MAN1,
LIH1	 11320 08:58:50.89	IEESYSAS	MSG.IEE391A	s dumpsmf.MAN2,
LIH1	 11320 10:00:22.06	IEESYSAS	MSG.IEE391A	s dumpsmf.MAN1,
LIH1	 11320 10:54:03.42	IEESYSAS	MSG.IEE391A	s dumpsmf.MAN2,
LIH1	 11320 11:51:19.61	IEESYSAS	MSG.IEE391A	s dumpsmf.MAN1,
LIH1	 11320 12:55:38.33	IEESYSAS	MSG.IEE391A	s dumpsmf.MAN2,
LIH1	 11320 13:48:51.78	IEESYSAS	MSG.IEE391A	s dumpsmf.MAN1,
LIH1	 11320 14:00:04.02	JES2	CMD.STOPCLON	F CCICS1,CEMT PERF
LIH1	 11320 14:00:04.02	JES2	CMD.STOPCLON	F CCICS8,CEMT PERF
LIH1	 11320 14:00:04.08	JES2	CMD.STOPC3	F CCICS3,CEMT PERF,
LIH1	 11320 14:52:03.04	IEESYSAS	MSG.IEE391A	s dumpsmf.MAN2,
LIH1	 11320 16:01:23.70	IEESYSAS	MSG.IEE391A	s dumpsmf.MAN1,
LIH1	 11320 17:00:26.59	INIT	MSG.IEF099I1	D GRS,ANALYZE,
LIH1	 11320 17:00:30.31	SLGWRT	MSG.IEF176I	p L
LIH1	 11320 18:10:06.57	IEESYSAS	MSG.IEE391A	s dumpsmf.MAN2,
LIH1	 11320 19:00:15.85	DFHSM	MSG.ARC0909E	f dfhsm,backvol 
LIH1	 11320 23:05:00.37	JES2	CMD.STOPP1	F PCICS1,CEMT PERF,
LIH1	 11320 23:05:00.54	PCICS1	MSG.DFH1715Q	F CA7ONL,DEMAND,
LIH1	 11320 23:05:00.71	JES2	CMD.STOPP8	F PCICS8,CEMT PERF,
LIH1	 11320 23:05:14.80	PCICS8	MSG.DFH1799B	F CA7ONL,POST,
LIH1	 11320 23:05:27.26	PCICS1	MSG.DFH1799F	F CA7ONL,POST,
LIH1	 11320 23:35:01.06	IEESYSAS	MSG.IEE391A	s dumpsmf.MAN1,
LIH1	 11320 23:52:27.48	JES2	CMD.STOPP3	F PCICS3,CEMT PERF,
LIH1	 11320 23:52:58.89	PCICS3	MSG.DFH1799A	F CA7ONL,POST,
LIH1	 11321 00:00:28.35	IEESYSAS	MSG.IEE391A	s dumpsmf.MAN2,
LIH1	 11321 00:03:56.72	PAPH010D	MSG.IEC161I	D GRS,RES=(SYSVSAM,
LIH1	 11321 00:42:26.32	INIT	MSG.DTLFAST	E DTL00007,
LIH1	 11321 00:45:34.76	INIT	MSG.DTLFAST	E DTL00008,
LIH1	 11321 00:48:29.05	INIT	MSG.DTLFAST	E DTL00009,
LIH1	 11321 02:03:05.51	INIT	MSG.IEF404IP	F CA7ONL,DEMAND,
LIH1	 11321 03:35:09.50	INIT	MSG.PPRI226D	E DTLSTNR,
LIH1	 11321 03:40:56.03	IEESYSAS	MSG.IEE391A	s dumpsmf.MAN1,
LIH1	 11321 04:00:03.22	JES2	CMD.STARPROD	S PCICS1
LIH1	 11321 04:00:03.23	JES2	CMD.STARPROD	S PCICSV
LIH1	 11321 04:00:04.61	JES2	CMD.STOPC1	F CCICS1,CEMT PERF,
LIH1	 11321 04:00:27.61	PCICS1	MSG.DFH1715P	F CA7ONL,DEMAND,
LIH1	 11321 05:01:24.37	IEESYSAS	MSG.IEE391A	s dumpsmf.MAN2,
LIH1	 11321 05:35:09.01	OPSMAIN	*DYNAMIC.PPRI226D	E DTLSTNR,
LIH1	 11321 06:03:29.02	IEESYSAS	MSG.IEE391A	s dumpsmf.MAN1,
LIH1	 11321 07:00:32.58	IEESYSAS	MSG.IEE391A	s dumpsmf.MAN2,
LIH1	 11321 07:00:33.10	DUMPSMF	MSG.IEF099I1	D GRS,ANALYZE,
LIH1	 11321 07:44:30.43	IEESYSAS	MSG.IEE391A	s dumpsmf.MAN1,
LIH1	 11321 08:20:00.16	IEESYSAS	MSG.IEE391A	s dumpsmf.MAN2,
LIH1	 11321 09:07:43.77	IEESYSAS	MSG.IEE391A	s dumpsmf.MAN1,
LIH1	 11321 10:05:20.03	IEESYSAS	MSG.IEE391A	s dumpsmf.MAN2,
LIH1	 11321 10:54:52.85	IEESYSAS	MSG.IEE391A	s dumpsmf.MAN1,
LIH1	 11321 11:48:38.09	IEESYSAS	MSG.IEE391A	s dumpsmf.MAN2,
LIH1	 11321 12:50:41.95	IEESYSAS	MSG.IEE391A	s dumpsmf.MAN1,
LIH1	 11321 13:55:53.57	IEESYSAS	MSG.IEE391A	s dumpsmf.MAN2,
LIH1	 11321 14:00:04.18	JES2	CMD.STOPCLON	F CCICS1,CEMT PERF
LIH1	 11321 14:00:04.19	JES2	CMD.STOPCLON	F CCICS8,CEMT PERF
LIH1	 11321 14:00:05.87	JES2	CMD.STOPC3	F CCICS3,CEMT PERF,
LIH1	 11321 14:49:58.66	IEESYSAS	MSG.IEE391A	s dumpsmf.MAN1,
LIH1	 11321 15:56:39.91	IEESYSAS	MSG.IEE391A	s dumpsmf.MAN2,
DEV1	 11320 18:00:04.95	JES2	CMD.STOPM1	F MCICS1,CEMT PERF,
DEV1	 11320 18:04:08.69	MAPH010D	MSG.IEC161I	D GRS,RES=(SYSVSAM,
DEV1	 11320 18:07:03.26	JES2	CMD.STOPM8	F MCICS8,CEMT PERF,
DEV1	 11320 18:34:09.06	IEESYSAS	MSG.IEE391A	s dumpsmf.MAN1,
DEV1	 11320 18:59:39.76	JES2	CMD.STOPIM	F IMCM,CEMT PERF,
DEV1	 11320 19:59:00.52	IEESYSAS	MSG.IEE391A	s dumpsmf.MAN2,
DEV1	 11320 21:00:02.04	JES2	CMD.STOPTF	F TCICSF,CEMT PERF,
DEV1	 11320 21:01:01.72	JES2	CMD.STOPT1	F TCICS1,CEMT PERF,
DEV1	 11320 21:02:01.56	JES2	CMD.STOPT3	F TCICS3,CEMT PERF,
DEV1	 11320 21:03:02.20	JES2	CMD.STOPT6	F TCICS6,CEMT PERF,
DEV1	 11320 21:05:22.55	JES2	CMD.STOPT8	F TCICS8,CEMT PERF,
DEV1	 11320 21:11:16.99	IEESYSAS	MSG.IEE391A	s dumpsmf.MAN1,
DEV1	 11320 22:31:06.33	IEESYSAS	MSG.IEE391A	s dumpsmf.MAN2,
DEV1	 11321 00:00:29.66	IEESYSAS	MSG.IEE391A	s dumpsmf.MAN1,
DEV1	 11321 00:00:30.37	DUMPSMF	MSG.IEF099I1	D GRS,ANALYZE,
DEV1	 11321 05:55:01.39	JES2	CMD.STARMDOF	S MCICS1
DEV1	 11321 05:55:01.40	JES2	CMD.STARMDOF	S MCICS8
DEV1	 11321 06:00:01.20	IEESYSAS	MSG.IEE391A	s dumpsmf.MAN2,
DEV1	 11321 06:00:03.20	JES2	CMD.STARTEST	S TCICS1
DEV1	 11321 06:00:03.20	JES2	CMD.STARTEST	S TCICS3
DEV1	 11321 06:00:03.21	JES2	CMD.STARTEST	S TCICS6
DEV1	 11321 06:00:03.22	JES2	CMD.STARTEST	S TCICS8
DEV1	 11321 06:00:03.23	JES2	CMD.STARTEST	S TCICSF
DEV1	 11321 07:00:32.58	IEESYSAS	MSG.IEE391A	s dumpsmf.MAN1,
DEV1	 11321 09:00:02.15	IEESYSAS	MSG.IEE391A	s dumpsmf.MAN2,
DEV1	 11321 10:54:00.27	IEESYSAS	MSG.IEE391A	s dumpsmf.MAN1,
DEV1	 11321 13:20:15.65	IEESYSAS	MSG.IEE391A	s dumpsmf.MAN2,
DEV1	 11321 15:44:59.03	IEESYSAS	MSG.IEE391A	s dumpsmf.MAN1,
LIH1	 11321 17:00:12.18	SLGWRT	MSG.IEF176I	p L
LIH1	 11321 18:26:58.58	IEESYSAS	MSG.IEE391A	s dumpsmf.MAN1,
LIH1	 11321 19:05:27.41	CA7ONL	MSG.PDCHPAGL	F CA7ONL,DEMAND,
LIH1	 11321 23:05:01.91	JES2	CMD.STOPP8	F PCICS8,CEMT PERF,
LIH1	 11321 23:05:04.28	JES2	CMD.STOPP1	F PCICS1,CEMT PERF,
LIH1	 11321 23:05:04.40	PCICS1	MSG.DFH1715Q	F CA7ONL,DEMAND,
LIH1	 11321 23:05:19.30	PCICS8	MSG.DFH1799B	F CA7ONL,POST,
LIH1	 11321 23:05:32.70	PCICS1	MSG.DFH1799F	F CA7ONL,POST,
LIH1	 11321 23:30:00.22	IEESYSAS	MSG.IEE391A	s dumpsmf.MAN2,
LIH1	 11322 00:00:15.43	JES2	CMD.STOPP3	F PCICS3,CEMT PERF,
LIH1	 11322 00:00:35.17	IEESYSAS	MSG.IEE391A	s dumpsmf.MAN1,
LIH1	 11322 00:00:35.53	DUMPSMF	MSG.IEF099I1	D GRS,ANALYZE,
LIH1	 11322 00:00:53.15	PCICS3	MSG.DFH1799A	F CA7ONL,POST,
LIH1	 11322 00:01:10.64	PAPH010D	MSG.IEC161I	D GRS,RES=(SYSVSAM,
LIH1	 11322 00:46:19.01	INIT	MSG.DTLFAST	E DTL00010,
LIH1	 11322 00:49:28.20	INIT	MSG.DTLFAST	E DTL00011,
LIH1	 11322 00:51:33.67	INIT	MSG.IEF099I1	D GRS,ANALYZE,
LIH1	 11322 00:52:18.39	INIT	MSG.DTLFAST	E DTL00012,
LIH1	 11322 00:55:53.10	INIT	MSG.IEF099I1	D GRS,ANALYZE,
LIH1	 11322 01:46:20.63	INIT	MSG.IEF404IP	F CA7ONL,DEMAND,
LIH1	 11322 02:56:29.79	INIT	MSG.PPRI226D	E DTLSTNR,
LIH1	 11322 03:10:32.53	IEESYSAS	MSG.IEE391A	s dumpsmf.MAN2,
LIH1	 11322 04:00:02.91	JES2	CMD.STARPROD	S PCICS1
LIH1	 11322 04:00:02.92	JES2	CMD.STARPROD	S PCICSV
LIH1	 11322 04:00:04.54	JES2	CMD.STOPC1	F CCICS1,CEMT PERF,
LIH1	 11322 04:00:27.14	PCICS1	MSG.DFH1715P	F CA7ONL,DEMAND,
LIH1	 11322 04:56:29.14	OPSMAIN	*DYNAMIC.PPRI226D	E DTLSTNR,
LIH1	 11322 04:57:16.08	IEESYSAS	MSG.IEE391A	s dumpsmf.MAN1,
LIH1	 11322 06:04:52.87	IEESYSAS	MSG.IEE391A	s dumpsmf.MAN2,
LIH1	 11322 07:00:30.21	IEESYSAS	MSG.IEE391A	s dumpsmf.MAN1,
LIH1	 11322 07:00:31.50	DUMPSMF	MSG.IEF099I1	D GRS,ANALYZE,
LIH1	 11322 07:49:15.21	IEESYSAS	MSG.IEE391A	s dumpsmf.MAN2,
LIH1	 11322 08:20:19.99	IEESYSAS	MSG.IEE391A	s dumpsmf.MAN1,
LIH1	 11322 09:25:42.71	IEESYSAS	MSG.IEE391A	s dumpsmf.MAN2,
LIH1	 11322 10:14:15.01	IEESYSAS	MSG.IEE391A	s dumpsmf.MAN1,
LIH1	 11322 11:06:19.54	IEESYSAS	MSG.IEE391A	s dumpsmf.MAN2,
LIH1	 11322 12:05:02.77	IEESYSAS	MSG.IEE391A	s dumpsmf.MAN1,
LIH1	 11322 13:16:20.50	IEESYSAS	MSG.IEE391A	s dumpsmf.MAN2,
LIH1	 11322 14:00:04.85	JES2	CMD.STOPCLON	F CCICS1,CEMT PERF
LIH1	 11322 14:00:04.86	JES2	CMD.STOPCLON	F CCICS8,CEMT PERF
LIH1	 11322 14:00:04.91	JES2	CMD.STOPC3	F CCICS3,CEMT PERF,
LIH1	 11322 14:24:43.51	IEESYSAS	MSG.IEE391A	s dumpsmf.MAN1,
LIH1	 11322 15:31:46.72	IEESYSAS	MSG.IEE391A	s dumpsmf.MAN2,
DEV1	 11321 18:00:01.39	IEESYSAS	MSG.IEE391A	s dumpsmf.MAN2,
DEV1	 11321 18:00:03.99	JES2	CMD.STOPM1	F MCICS1,CEMT PERF,
DEV1	 11321 18:03:29.32	MAPH010D	MSG.IEC161I	D GRS,RES=(SYSVSAM,
DEV1	 11321 18:04:17.60	JES2	CMD.STOPM8	F MCICS8,CEMT PERF,
DEV1	 11321 18:42:12.28	JES2	CMD.STOPIM	F IMCM,CEMT PERF,
DEV1	 11321 18:48:01.27	DFHSM	MSG.ARC0909E	f dfhsm,backvol 
DEV1	 11321 19:00:01.12	IEESYSAS	MSG.IEE391A	s dumpsmf.MAN1,
DEV1	 11321 20:21:19.65	IEESYSAS	MSG.IEE391A	s dumpsmf.MAN2,
DEV1	 11321 21:02:06.26	JES2	CMD.STOPTF	F TCICSF,CEMT PERF,
DEV1	 11321 21:02:07.28	JES2	CMD.STOPT1	F TCICS1,CEMT PERF,
DEV1	 11321 21:02:08.28	JES2	CMD.STOPT3	F TCICS3,CEMT PERF,
DEV1	 11321 21:07:06.71	JES2	CMD.STOPT6	F TCICS6,CEMT PERF,
DEV1	 11321 21:07:09.13	JES2	CMD.STOPT8	F TCICS8,CEMT PERF,
DEV1	 11321 21:08:00.14	IEESYSAS	MSG.IEE391A	s dumpsmf.MAN1,
DEV1	 11321 23:33:13.21	IEESYSAS	MSG.IEE391A	s dumpsmf.MAN2,
DEV1	 11322 00:00:25.57	IEESYSAS	MSG.IEE391A	s dumpsmf.MAN1,
DEV1	 11322 05:55:01.30	JES2	CMD.STARMDOF	S MCICS1
DEV1	 11322 05:55:01.31	JES2	CMD.STARMDOF	S MCICS8
DEV1	 11322 05:59:00.31	IEESYSAS	MSG.IEE391A	s dumpsmf.MAN2,
DEV1	 11322 06:00:02.39	JES2	CMD.STARTEST	S TCICS1
DEV1	 11322 06:00:02.40	JES2	CMD.STARTEST	S TCICS3
DEV1	 11322 06:00:02.42	JES2	CMD.STARTEST	S TCICS6
DEV1	 11322 06:00:02.46	JES2	CMD.STARTEST	S TCICS8
DEV1	 11322 06:00:02.48	JES2	CMD.STARTEST	S TCICSF
DEV1	 11322 07:00:30.17	IEESYSAS	MSG.IEE391A	s dumpsmf.MAN1,
DEV1	 11322 08:56:33.27	APH853RP	MSG.IEC161I	D GRS,RES=(SYSVSAM,
DEV1	 11322 08:59:46.80	APH853RP	MSG.IEC161I	D GRS,RES=(SYSVSAM,
DEV1	 11322 09:04:48.57	APH853RP	MSG.IEC161I	D GRS,RES=(SYSVSAM,
DEV1	 11322 09:06:52.44	APH853RP	MSG.IEC161I	D GRS,RES=(SYSVSAM,
DEV1	 11322 09:31:11.29	IEESYSAS	MSG.IEE391A	s dumpsmf.MAN2,
DEV1	 11322 10:25:08.02	IEESYSAS	MSG.IEE391A	s dumpsmf.MAN1,
DEV1	 11322 12:06:22.91	IEESYSAS	MSG.IEE391A	s dumpsmf.MAN2,
DEV1	 11322 14:00:29.26	IEESYSAS	MSG.IEE391A	s dumpsmf.MAN1,
DEV1	 11322 15:13:27.66	IEESYSAS	MSG.IEE391A	s dumpsmf.MAN2,
DEV1	 11322 17:45:01.62	IEESYSAS	MSG.IEE391A	s dumpsmf.MAN1,
DEV1	 11322 18:00:09.76	JES2	CMD.STOPM1	F MCICS1,CEMT PERF,
DEV1	 11322 18:03:59.80	MAPH010D	MSG.IEC161I	D GRS,RES=(SYSVSAM,
DEV1	 11322 18:06:08.69	JES2	CMD.STOPM8	F MCICS8,CEMT PERF,
DEV1	 11322 18:52:04.56	IEESYSAS	MSG.IEE391A	s dumpsmf.MAN2,
DEV1	 11322 19:05:04.97	JES2	CMD.STOPIM	F IMCM,CEMT PERF,
DEV1	 11322 19:14:35.97	INIT	MSG.IEF099I1	D GRS,ANALYZE,
DEV1	 11322 20:01:35.26	IEESYSAS	MSG.IEE391A	s dumpsmf.MAN1,
DEV1	 11322 20:01:36.13	DUMPSMF	MSG.IEF099I1	D GRS,ANALYZE,
DEV1	 11322 21:00:40.63	JES2	CMD.STOPTF	F TCICSF,CEMT PERF,
DEV1	 11322 21:02:14.19	JES2	CMD.STOPT1	F TCICS1,CEMT PERF,
DEV1	 11322 21:02:14.60	JES2	CMD.STOPT3	F TCICS3,CEMT PERF,
DEV1	 11322 21:05:20.27	JES2	CMD.STOPT6	F TCICS6,CEMT PERF,
DEV1	 11322 21:05:21.28	JES2	CMD.STOPT8	F TCICS8,CEMT PERF,
DEV1	 11322 21:17:17.72	IEESYSAS	MSG.IEE391A	s dumpsmf.MAN2,
DEV1	 11322 22:29:41.51	IEESYSAS	MSG.IEE391A	s dumpsmf.MAN1,
DEV1	 11323 00:00:25.74	IEESYSAS	MSG.IEE391A	s dumpsmf.MAN2,
DEV1	 11323 00:00:26.99	DUMPSMF	MSG.IEF099I1	D GRS,ANALYZE,
DEV1	 11323 05:55:01.26	JES2	CMD.STARMDOF	S MCICS1
DEV1	 11323 05:55:01.27	JES2	CMD.STARMDOF	S MCICS8
DEV1	 11323 06:00:01.18	IEESYSAS	MSG.IEE391A	s dumpsmf.MAN1,
DEV1	 11323 07:00:29.58	IEESYSAS	MSG.IEE391A	s dumpsmf.MAN2,
DEV1	 11323 08:00:04.85	JES2	CMD.STARTEST	S TCICS1
DEV1	 11323 08:00:04.85	JES2	CMD.STARTEST	S TCICS3
DEV1	 11323 08:00:04.87	JES2	CMD.STARTEST	S TCICS6
DEV1	 11323 08:00:04.87	JES2	CMD.STARTEST	S TCICS8
DEV1	 11323 08:00:04.88	JES2	CMD.STARTEST	S TCICSF
DEV1	 11323 11:00:02.00	IEESYSAS	MSG.IEE391A	s dumpsmf.MAN1,
DEV1	 11323 14:48:13.01	IEESYSAS	MSG.IEE391A	s dumpsmf.MAN2,
DEV1	 11323 15:15:01.75	JES2	CMD.STOPIM	F IMCM,CEMT PERF,
DEV1	 11323 15:15:01.81	JES2	CMD.STOPM1	F MCICS1,CEMT PERF,
DEV1	 11323 15:15:01.84	JES2	CMD.STOPM8	F MCICS8,CEMT PERF,
LIH1	 11322 17:00:07.08	SLGWRT	MSG.IEF176I	p L
LIH1	 11322 17:51:20.81	IEESYSAS	MSG.IEE391A	s dumpsmf.MAN1,
LIH1	 11322 19:00:14.92	DFHSM	MSG.ARC0909E	f dfhsm,backvol 
LIH1	 11322 23:05:00.44	JES2	CMD.STOPP1	F PCICS1,CEMT PERF,
LIH1	 11322 23:05:00.66	PCICS1	MSG.DFH1715Q	F CA7ONL,DEMAND,
LIH1	 11322 23:05:02.24	JES2	CMD.STOPP8	F PCICS8,CEMT PERF,
LIH1	 11322 23:05:26.05	PCICS1	MSG.DFH1799F	F CA7ONL,POST,
LIH1	 11322 23:06:47.89	PCICS8	MSG.DFH1799B	F CA7ONL,POST,
LIH1	 11323 00:00:03.15	JES2	CMD.STOPP3	F PCICS3,CEMT PERF,
LIH1	 11323 00:00:25.62	IEESYSAS	MSG.IEE391A	s dumpsmf.MAN2,
LIH1	 11323 00:00:47.24	PCICS3	MSG.DFH1799A	F CA7ONL,POST,
LIH1	 11323 00:01:03.12	PAPH010D	MSG.IEC161I	D GRS,RES=(SYSVSAM,
LIH1	 11323 00:17:24.00	CA7ONL	MSG.PDCHPAGL	F CA7ONL,DEMAND,
LIH1	 11323 00:45:05.16	INIT	MSG.DTLFAST	E DTL00013,
LIH1	 11323 00:48:07.47	INIT	MSG.DTLFAST	E DTL00014,
LIH1	 11323 00:51:05.64	INIT	MSG.DTLFAST	E DTL00015,
LIH1	 11323 01:41:31.66	INIT	MSG.IEF404IP	F CA7ONL,DEMAND,
LIH1	 11323 02:29:01.39	CA7ONL	MSG.PDCHPAGL	F CA7ONL,DEMAND,
LIH1	 11323 02:29:11.55	CA7ONL	MSG.PDCHPAGL	F CA7ONL,DEMAND,
LIH1	 11323 02:30:02.10	CA7ONL	MSG.PDCHPAGL	F CA7ONL,DEMAND,
LIH1	 11323 02:30:12.22	CA7ONL	MSG.PDCHPAGL	F CA7ONL,DEMAND,
LIH1	 11323 02:37:53.44	CA7ONL	MSG.PDCHPAGL	F CA7ONL,DEMAND,
LIH1	 11323 02:39:46.11	INIT	MSG.PPRI226D	E DTLSTNR,
LIH1	 11323 02:43:53.91	CA7ONL	MSG.PDCHPAGL	F CA7ONL,DEMAND,
LIH1	 11323 03:30:31.93	IEESYSAS	MSG.IEE391A	s dumpsmf.MAN1,
LIH1	 11323 04:39:46.23	OPSMAIN	*DYNAMIC.PPRI226D	E DTLSTNR,
LIH1	 11323 05:02:46.47	IEESYSAS	MSG.IEE391A	s dumpsmf.MAN2,
LIH1	 11323 05:30:01.56	JES2	CMD.STARPROD	S PCICS1
LIH1	 11323 05:30:01.56	JES2	CMD.STARPROD	S PCICSV
LIH1	 11323 05:30:24.82	PCICS1	MSG.DFH1715P	F CA7ONL,DEMAND,
LIH1	 11323 05:56:42.53	IEESYSAS	MSG.IEE391A	s dumpsmf.MAN1,
LIH1	 11323 07:00:29.61	IEESYSAS	MSG.IEE391A	s dumpsmf.MAN2,
LIH1	 11323 07:00:30.86	DUMPSMF	MSG.IEF099I1	D GRS,ANALYZE,
LIH1	 11323 10:24:03.89	IEESYSAS	MSG.IEE391A	s dumpsmf.MAN1,
LIH1	 11323 14:16:11.76	IEESYSAS	MSG.IEE391A	s dumpsmf.MAN2,
LIH1	 11323 15:30:01.37	JES2	CMD.STOPP3	F PCICS3,CEMT PERF,
LIH1	 11323 15:30:01.42	JES2	CMD.STOPP1	F PCICS1,CEMT PERF,
LIH1	 11323 15:30:01.56	PCICS1	MSG.DFH1715Q	F CA7ONL,DEMAND,
LIH1	 11323 15:30:22.40	PCICS1	MSG.DFH1799F	F CA7ONL,POST,
LIH1	 11323 15:30:28.39	PCICS3	MSG.DFH1799A	F CA7ONL,POST,
LIH1	 11323 15:35:02.03	JES2	CMD.STOPP8	F PCICS8,CEMT PERF,
LIH1	 11323 15:35:14.32	PCICS8	MSG.DFH1799B	F CA7ONL,POST,
LIH1	 11323 17:00:01.28	SLGWRT	MSG.IEF176I	p L
LIH1	 11323 19:00:35.89	DFHSM	MSG.ARC0909E	f dfhsm,backvol 
LIH1	 11323 22:14:02.32	CONSOLE	MSG.SYSHMW03	RO *ALL,P DFHSM
LIH1	 11323 22:14:02.70	INIT	MSG.IEF099I1	D GRS,ANALYZE,
LIH1	 11323 22:14:29.03	INIT	MSG.SYSHMW04	RO *ALL,S DFHSM
LIH1	 11324 00:00:27.85	IEESYSAS	MSG.IEE391A	s dumpsmf.MAN1,
LIH1	 11324 07:00:19.29	IEESYSAS	MSG.IEE391A	s dumpsmf.MAN2,
LIH1	 11324 07:00:19.58	DUMPSMF	MSG.IEF099I1	D GRS,ANALYZE,
LIH1	 11324 11:01:03.09	DFHSM	MSG.ARC0909E	f dfhsm,backvol 
LIH1	 11324 14:56:22.14	*MASTER*	CMD.STOPCLON	F CCICS1,CEMT PERF
LIH1	 11324 14:56:22.15	*MASTER*	CMD.STOPCLON	F CCICS8,CEMT PERF
LIH1	 11324 15:01:58.27	*MASTER*	CMD.STOPMAIN	STOPPROD
LIH1	 11324 15:01:58.27	*MASTER*	CMD.STOPMAIN	STOPCLON
LIH1	 11324 15:01:58.27	*MASTER*	CMD.STOPMAIN	ORSS STOP ORANET1
LIH1	 11324 15:01:58.28	*MASTER*	CMD.STOPMAIN	ORSS STOP ORA@P1T
LIH1	 11324 15:01:58.29	*MASTER*	CMD.STOPMAIN	F DLF,MODE=DRAIN
LIH1	 11324 15:01:58.29	*MASTER*	CMD.STOPMAIN	P CAGTS
LIH1	 11324 15:01:58.29	*MASTER*	CMD.STOPMAIN	P RTCS
LIH1	 11324 15:01:58.30	*MASTER*	CMD.STOPMAIN	$PI1-40
LIH1	 11324 15:01:58.31	*MASTER*	CMD.STOPMAIN	$PPRT1
LIH1	 11324 15:01:58.31	*MASTER*	CMD.STOPMAIN	$PPRT2
LIH1	 11324 15:01:58.31	*MASTER*	CMD.STOPMAIN	$PPRT3
LIH1	 11324 15:01:58.32	*MASTER*	CMD.STOPMAIN	$PPRT4
LIH1	 11324 15:01:58.32	*MASTER*	CMD.STOPMAIN	$PLNE1-17
LIH1	 11324 15:01:58.32	*MASTER*	CMD.STOPMAIN	$PLGN1
LIH1	 11324 15:01:58.33	*MASTER*	CMD.STOPMAIN	$PLGN2
LIH1	 11324 15:01:58.33	*MASTER*	CMD.STOPMAIN	V NET,ID=APNRHVDR,
LIH1	 11324 15:01:58.34	*MASTER*	CMD.STOPMAIN	V NET,ID=APNRHINF,
LIH1	 11324 15:01:58.34	*MASTER*	CMD.STOPMAIN	SE 'SYSTEM COMING 
LIH1	 11324 15:01:58.35	*MASTER*	CMD.STOPMAIN	=SHUTDOWN ALL
LIH1	 11324 15:01:58.35	*MASTER*	CMD.STOPMAIN	ROUTE DEV1,
LIH1	 11324 15:01:58.36	*MASTER*	CMD.STOPMAIN	P IMWEBSRV
LIH1	 11324 15:01:58.37	*MASTER*	CMD.STOPMAIN	P SNMPQE
LIH1	 11324 15:01:58.37	*MASTER*	CMD.STOPMAIN	P OSNMPD
LIH1	 11324 15:01:58.39	*MASTER*	CMD.STOPMAIN	F BPXOINIT,
LIH1	 11324 15:01:58.39	*MASTER*	CMD.STOPMAIN	F OMVS,SHUTDOWN
LIH1	 11324 15:01:58.40	*MASTER*	CMD.STOPMAIN	P  FTPD1
LIH1	 11324 15:01:58.40	*MASTER*	CMD.STOPMAIN	P  INETD4
LIH1	 11324 15:01:58.41	*MASTER*	CMD.STOPMAIN	P  SYSLOGD5
LIH1	 11324 15:01:58.42	*MASTER*	CMD.STOPMAIN	P  CROND6
LIH1	 11324 15:01:58.42	*MASTER*	CMD.STOPMAIN	P E2COMM
LIH1	 11324 15:01:58.43	*MASTER*	CMD.STOPMAIN	C GFSCPROC
LIH1	 11324 15:01:58.44	*MASTER*	CMD.STOPMAIN	P SYSBP
LIH1	 11324 15:01:58.44	*MASTER*	CMD.STOPMAIN	P PORTMAP
LIH1	 11324 15:01:58.45	*MASTER*	CMD.STOPMAIN	P DTLSTNR
LIH1	 11324 15:01:58.45	*MASTER*	CMD.STOPMAIN	+P1 STOP QMGR
LIH1	 11324 15:01:58.46	*MASTER*	CMD.STOPMAIN	P IMWEBSRV
LIH1	 11324 15:01:58.48	*MASTER*	CMD.STOPMAIN	P ENFSNMPM
LIH1	 11324 15:01:58.49	*MASTER*	CMD.STOPMAIN	P ENF
LIH1	 11324 15:01:58.50	*MASTER*	CMD.STOPMAIN	P CPS
LIH1	 11324 15:01:58.50	*MASTER*	CMD.STOPMAIN	F RES,END
LIH1	 11324 15:01:58.51	*MASTER*	CMD.STOPMAIN	P CMRSS
LIH1	 11324 15:01:58.51	*MASTER*	CMD.STOPMAIN	P TSO
LIH1	 11324 15:01:58.54	*MASTER*	CMD.STOPMAIN	P SDSF
LIH1	 11324 15:01:58.58	*MASTER*	CMD.STOPMAIN	P OAM
LIH1	 11324 15:01:58.59	*MASTER*	CMD.STOPMAIN	P BBCS
LIH1	 11324 15:01:58.60	*MASTER*	CMD.STOPMAIN	F DFHSM,STOP
LIH1	 11324 15:01:58.60	*MASTER*	CMD.STOPMAIN	P TN3270
LIH1	 11324 15:01:58.61	*MASTER*	CMD.STOPMAIN	P RESOLVER
LIH1	 11324 15:01:58.61	*MASTER*	CMD.STOPMAIN	P TCPIP
LIH1	 11324 15:01:58.62	*MASTER*	CMD.STOPMAIN	P LOGROUTE
LIH1	 11324 15:01:58.62	*MASTER*	CMD.STOPMAIN	P DRXSMF
LIH1	 11324 15:01:58.63	*MASTER*	CMD.STOPMAIN	P BBMXPJCL
LIH1	 11324 15:01:58.64	*MASTER*	CMD.STOPMAIN	P BBHPAS
LIH1	 11324 15:01:58.65	*MASTER*	CMD.STOPMAIN	P CMF
LIH1	 11324 15:01:58.65	*MASTER*	CMD.STOPMAIN	P CAPKJMR
LIH1	 11324 15:01:58.66	*MASTER*	CMD.STOPMAIN	P FFST
LIH1	 11324 15:01:58.66	CA11	MSG.U11D4501	R 78,Y
LIH1	 11324 15:01:58.66	*MASTER*	CMD.STOPMAIN	Z NET,QUICK
LIH1	 11324 15:01:58.67	*MASTER*	CMD.STOPMAIN	F CA7ICOM,STOP
LIH1	 11324 15:01:58.68	*MASTER*	CMD.STOPMAIN	P AAVIEWER
LIH1	 11324 15:01:58.69	*MASTER*	CMD.STOPMAIN	P XDSSPROC
LIH1	 11324 15:01:58.69	*MASTER*	CMD.STOPMAIN	P STRBSM
LIH1	 11324 15:01:58.70	*MASTER*	CMD.STOPMAIN	P TDCAS
LIH1	 11324 15:01:58.71	*MASTER*	CMD.STOPMAIN	P BDCAS
LIH1	 11324 15:01:58.71	*MASTER*	CMD.STOPMAIN	F BMCBCSS,CAS STOP
LIH1	 11324 15:01:58.72	*MASTER*	CMD.STOPMAIN	F BMCBCSS,SHUTDOWN
LIH1	 11324 15:01:58.72	*MASTER*	CMD.STOPMAIN	F BMCP,SHUTDOWN
LIH1	 11324 15:01:58.73	*MASTER*	CMD.STOPMAIN	C  FTPD1
LIH1	 11324 15:01:58.74	*MASTER*	CMD.STOPMAIN	C  INETD4
LIH1	 11324 15:01:58.74	*MASTER*	CMD.STOPMAIN	C  SYSLOGD5
LIH1	 11324 15:01:58.75	*MASTER*	CMD.STOPMAIN	C  CROND6
LIH1	 11324 15:01:58.76	*MASTER*	CMD.STOPMAIN	P RTCS
LIH1	 11324 15:01:58.78	ENF	MSG.CAS9227A	R 79,Y
LIH1	 11324 15:01:58.98	EPWFFST	MSG.EPW0309I	R 80,yes
LIH1	 11324 15:02:14.89	BMCBCSS	MSG.BMC11228	BMCP SHUTDOWN
DEV1	 11323 17:00:05.81	JES2	CMD.STOPT6	F TCICS6,CEMT PERF,
DEV1	 11323 18:00:04.04	JES2	CMD.STOPT1	F TCICS1,CEMT PERF,
DEV1	 11323 18:00:04.05	JES2	CMD.STOPT8	F TCICS8,CEMT PERF,
DEV1	 11323 18:00:05.24	JES2	CMD.STOPTF	F TCICSF,CEMT PERF,
DEV1	 11323 18:00:05.34	JES2	CMD.STOPT3	F TCICS3,CEMT PERF,
DEV1	 11323 19:33:00.17	IEESYSAS	MSG.IEE391A	s dumpsmf.MAN1,
DEV1	 11324 00:00:28.54	IEESYSAS	MSG.IEE391A	s dumpsmf.MAN2,
DEV1	 11324 00:00:29.25	DUMPSMF	MSG.IEF099I1	D GRS,ANALYZE,
DEV1	 11324 07:00:17.32	IEESYSAS	MSG.IEE391A	s dumpsmf.MAN1,
DEV1	 11324 15:01:58.63	CA11	MSG.U11D4501	R 77,Y
DEV1	 11324 15:14:50.25	CONSOLE	CMD.STOPDEV1	ORSS STOP ORANET1
DEV1	 11324 15:14:50.26	CONSOLE	CMD.STOPDEV1	ORSS STOP ORA@P1T
DEV1	 11324 15:14:50.26	CONSOLE	CMD.STOPDEV1	F DLF,MODE=DRAIN
DEV1	 11324 15:14:50.27	CONSOLE	CMD.STOPDEV1	P RTCS
DEV1	 11324 15:14:50.28	CONSOLE	CMD.STOPDEV1	$PI1-40
DEV1	 11324 15:14:50.28	CONSOLE	CMD.STOPDEV1	$PPRT1
DEV1	 11324 15:14:50.29	CONSOLE	CMD.STOPDEV1	$PPRT2
DEV1	 11324 15:14:50.29	CONSOLE	CMD.STOPDEV1	$PPRT3
DEV1	 11324 15:14:50.30	CONSOLE	CMD.STOPDEV1	$PPRT4
DEV1	 11324 15:14:50.30	CONSOLE	CMD.STOPDEV1	$PLNE1-17
DEV1	 11324 15:14:50.30	CONSOLE	CMD.STOPDEV1	$PLGN1
DEV1	 11324 15:14:50.31	CONSOLE	CMD.STOPDEV1	$PLGN2
DEV1	 11324 15:14:50.33	CONSOLE	CMD.STOPDEV1	SE 'SYSTEM COMING 
DEV1	 11324 15:14:50.34	CONSOLE	CMD.STOPDEV1	P IMWEBSRV
DEV1	 11324 15:14:50.36	CONSOLE	CMD.STOPDEV1	P SNMPQE
DEV1	 11324 15:14:50.37	CONSOLE	CMD.STOPDEV1	P OSNMPD
DEV1	 11324 15:14:50.38	CONSOLE	CMD.STOPDEV1	BCSS CAS STOP ALL
DEV1	 11324 15:14:50.39	CONSOLE	CMD.STOPDEV1	F BPXOINIT,
DEV1	 11324 15:14:50.40	CONSOLE	CMD.STOPDEV1	P  FTPD1
DEV1	 11324 15:14:50.41	CONSOLE	CMD.STOPDEV1	P  INETD4
DEV1	 11324 15:14:50.42	CONSOLE	CMD.STOPDEV1	P  SYSLOGD5
DEV1	 11324 15:14:50.43	CONSOLE	CMD.STOPDEV1	P  CROND6
DEV1	 11324 15:14:50.44	CONSOLE	CMD.STOPDEV1	C GFSCPROC
DEV1	 11324 15:14:50.45	CONSOLE	CMD.STOPDEV1	P SYSBP
DEV1	 11324 15:14:50.46	CONSOLE	CMD.STOPDEV1	P PORTMAP
DEV1	 11324 15:14:50.47	CONSOLE	CMD.STOPDEV1	+T1 STOP QMGR
DEV1	 11324 15:14:50.47	CONSOLE	CMD.STOPDEV1	+M1 STOP QMGR
DEV1	 11324 15:14:50.48	CONSOLE	CMD.STOPDEV1	P IMWEBSRV
DEV1	 11324 15:14:50.49	CONSOLE	CMD.STOPDEV1	ROUTE LIH1,F MIMIT
DEV1	 11324 15:14:50.50	CONSOLE	CMD.STOPDEV1	P ENFSNMPM
DEV1	 11324 15:14:50.52	CONSOLE	CMD.STOPDEV1	P ENF
DEV1	 11324 15:14:50.53	CONSOLE	CMD.STOPDEV1	F RES,END
DEV1	 11324 15:14:50.54	CONSOLE	CMD.STOPDEV1	P CMRSS
DEV1	 11324 15:14:50.55	CONSOLE	CMD.STOPDEV1	P TSO
DEV1	 11324 15:14:50.56	CONSOLE	CMD.STOPDEV1	P SDSF
DEV1	 11324 15:14:50.57	CONSOLE	CMD.STOPDEV1	P OAM
DEV1	 11324 15:14:50.58	CONSOLE	CMD.STOPDEV1	P BBCS
DEV1	 11324 15:14:50.59	CONSOLE	CMD.STOPDEV1	F DFHSM,STOP
DEV1	 11324 15:14:50.60	CONSOLE	CMD.STOPDEV1	P TN3270
DEV1	 11324 15:14:50.61	CONSOLE	CMD.STOPDEV1	P RESOLVER
DEV1	 11324 15:14:50.62	CONSOLE	CMD.STOPDEV1	P TCPIP
DEV1	 11324 15:14:50.63	CONSOLE	CMD.STOPDEV1	P LOGROUTE
DEV1	 11324 15:14:50.64	CONSOLE	CMD.STOPDEV1	P BBMXPJCL
DEV1	 11324 15:14:50.66	CONSOLE	CMD.STOPDEV1	P BBHPAS
DEV1	 11324 15:14:50.67	CONSOLE	CMD.STOPDEV1	P CMF
DEV1	 11324 15:14:50.68	CONSOLE	CMD.STOPDEV1	P FFST
DEV1	 11324 15:14:50.69	CONSOLE	CMD.STOPDEV1	Z NET,QUICK
DEV1	 11324 15:14:50.70	CONSOLE	CMD.STOPDEV1	F CA7ICOM,STOP
DEV1	 11324 15:14:50.71	CONSOLE	CMD.STOPDEV1	P AAVIEWER
DEV1	 11324 15:14:50.71	CONSOLE	CMD.STOPDEV1	C XDSSPROC
DEV1	 11324 15:14:50.72	CONSOLE	CMD.STOPDEV1	P STRBSM
DEV1	 11324 15:14:50.73	CONSOLE	CMD.STOPDEV1	P TDCAS
DEV1	 11324 15:14:50.74	CONSOLE	CMD.STOPDEV1	P BDCAS
DEV1	 11324 15:14:50.75	CONSOLE	CMD.STOPDEV1	C  FTPD1
DEV1	 11324 15:14:50.76	CONSOLE	CMD.STOPDEV1	C  INETD4
DEV1	 11324 15:14:50.77	CONSOLE	CMD.STOPDEV1	C  SYSLOGD5
DEV1	 11324 15:14:50.78	CONSOLE	CMD.STOPDEV1	C  CROND6
DEV1	 11324 15:14:50.79	CONSOLE	CMD.STOPDEV1	P RTCS
DEV1	 11324 15:14:50.80	CONSOLE	CMD.STOPDEV1	F OMVS,SHUTDOWN
DEV1	 11324 15:14:50.80	CONSOLE	CMD.STOPDEV1	Z NET,QUICK
DEV1	 11324 15:14:50.81	CONSOLE	CMD.STOPDEV1	BCSS SHUTDOWN
DEV1	 11324 15:14:50.81	CONSOLE	CMD.STOPDEV1	BMCP SHUTDOWN
DEV1	 11324 15:14:50.82	CONSOLE	CMD.STOPDEV1	C AAVIEWER
DEV1	 11324 15:14:52.22	ENF	MSG.CAS9227A	R 90,Y
DEV1	 11324 15:14:53.15	EPWFFST	MSG.EPW0309I	R 91,yes
DEV1	 11324 15:14:54.11	OMVS	MSG.BPXF032D	R 92,I
DEV1	 11324 15:14:56.04	BBCS	MSG.BBCSDOWN	P RTCS
DEV1	 11324 15:14:56.11	MSTJCL00	EOM.BBCSEOM	P RTCS
DEV1	 11324 15:14:56.15	MSTJCL00	EOM.BBCSEOM	P RTCS
DEV1	 11324 15:14:57.91	MSTJCL00	EOM.BBCSEOM	P RTCS
DEV1	 11324 15:15:01.70	MSTJCL00	EOM.BBCSEOM	P RTCS
DEV1	 11324 15:15:06.42	BMCCAS	MSG.BMC11848	BCSS SHUTDOWN
DEV1	 11324 15:15:06.79	MSTJCL00	EOM.BBCSEOM	P RTCS
DEV1	 11324 15:15:06.86	BMCBCSS	MSG.BMC11228	BMCP SHUTDOWN
DEV1	 11324 15:15:06.92	BMCBCSS	MSG.HASP395A	BMCP SHUTDOWN
DEV1	 11324 15:15:07.85	MSTJCL00	EOM.BBCSEOM	P RTCS
DEV1	 11324 15:15:07.88	MSTJCL00	EOM.BBCSEOM	P RTCS
DEV1	 11324 15:49:50.75	OPSMAIN	MSG.OPS0123O	S JES2
DEV1	 11324 15:49:53.48	JES2	MSG.$HASP492	S NET.NET
DEV1	 11324 15:49:53.48	JES2	MSG.$HASP492	S OPER,N=INTDEV1
DEV1	 11324 15:49:53.49	JES2	MSG.$HASP492	S TMSINIT
DEV1	 11324 15:49:53.50	JES2	MSG.$HASP492	S SDSF
DEV1	 11324 15:49:53.51	JES2	MSG.$HASP492	S LOGROUTE
DEV1	 11324 15:49:53.52	JES2	MSG.$HASP492	S DFHSM
DEV1	 11324 15:49:53.53	JES2	MSG.$HASP492	S RESOLVE.RES
DEV1	 11324 15:49:55.15	TMSINIT	MSG.IEFTMS0	R 07,X
DEV1	 11324 15:49:58.69	NET	MSG.IST020I	$SLGN1-2
DEV1	 11324 15:49:58.69	NET	MSG.IST020I	$SLNE1-15
DEV1	 11324 15:49:58.70	NET	MSG.IST020I	S TCPIP
DEV1	 11324 15:49:58.71	NET	MSG.IST020I	S BBCS
DEV1	 11324 15:49:58.73	NET	MSG.IST020I	S CMRSS
DEV1	 11324 15:49:58.74	NET	MSG.IST020I	S TSO
DEV1	 11324 15:49:58.77	NET	MSG.IST020I	S HYPERON
DEV1	 11324 15:49:58.78	NET	MSG.IST020I	V NET,ACT,ID=CDRM08
DEV1	 11324 15:49:58.79	NET	MSG.IST020I	S SYSBP
DEV1	 11324 15:49:58.83	NET	MSG.IST020I	S ATTDAEMN
DEV1	 11324 15:49:58.85	NET	MSG.IST020I	S SLGWRT.L,,,L
DEV1	 11324 15:49:58.86	NET	MSG.IST020I	S MXGTMNT
DEV1	 11324 15:50:01.68	SLGWRT	MSG.IEF176I	p L
DEV1	 11324 15:50:03.36	LMSINIT	MSG.LM5100I	S XDSSPROC
DEV1	 11324 15:50:03.36	LMSINIT	MSG.LM5100I	S STRBSM
DEV1	 11324 15:50:03.39	LMSINIT	MSG.LM5100I	S TDCAS
DEV1	 11324 15:50:03.41	LMSINIT	MSG.LM5100I	S BDCAS
DEV1	 11324 15:50:03.52	LMSINIT	MSG.LM5100I	S AAVIEWER
DEV1	 11324 15:50:03.67	LMSINIT	MSG.LM5100I	S CWINSTAL
DEV1	 11324 15:50:37.98	CONSOLE	MSG.EZB6473I	S TN3270
DEV1	 11324 15:50:37.98	CONSOLE	MSG.EZB6473I	S SSHD
DEV1	 11324 15:50:38.00	CONSOLE	MSG.EZB6473I	+T1 START QMGR
DEV1	 11324 15:50:38.00	CONSOLE	MSG.EZB6473I	+m1 START QMGR
DEV1	 11324 15:50:38.01	CONSOLE	MSG.EZAIN11I	S CAIAGENT
DEV1	 11324 15:50:38.02	CONSOLE	MSG.EZAIN11I	S SNMPQE
DEV1	 11324 15:50:38.02	CONSOLE	MSG.EZAIN11I	S OSNMPD
DEV1	 11324 15:50:38.03	CONSOLE	MSG.EZAIN11I	S ENF
DEV1	 11324 15:50:38.03	CONSOLE	MSG.EZAIN11I	S TIMED
DEV1	 11324 15:50:43.97	QZM1MSTR	MSG.CSQY022X	+M1 START CHINIT
DEV1	 11324 15:50:44.88	QZT1MSTR	MSG.CSQY022I	+T1 START CHINIT
DEV1	 11324 15:50:52.86	BBCS	MSG.BBCSISUP	S CMF
DEV1	 11324 15:50:52.86	BBCS	MSG.BBCSISUP	S BBHPAS
DEV1	 11324 15:50:52.87	BBCS	MSG.BBCSISUP	S BBMXPJCL
DEV1	 11324 15:51:02.59	ENF	MSG.CAS9626I	s ca11
DEV1	 11324 15:51:02.59	ENF	MSG.CAS9626I	S ENFSNMPM
DEV1	 11324 15:51:02.60	ENF	MSG.CAS9626I	S CAGTS,ID=&SYSNAM
DEV1	 11324 15:51:06.00	CA11	MSG.U11D0200	S CA7ICOM
DEV1	 11324 15:51:06.25	CA7ICOM	MSG.CA7574FS	S OPER,N=STSHFDSR,
DEV1	 11324 16:24:01.53	*MASTER*	CMD.STOPDEV1	ORSS STOP ORANET1
DEV1	 11324 16:24:01.53	*MASTER*	CMD.STOPDEV1	ORSS STOP ORA@P1T
DEV1	 11324 16:24:01.54	*MASTER*	CMD.STOPDEV1	F DLF,MODE=DRAIN
DEV1	 11324 16:24:01.54	*MASTER*	CMD.STOPDEV1	P RTCS
DEV1	 11324 16:24:01.55	*MASTER*	CMD.STOPDEV1	$PI1-40
DEV1	 11324 16:24:01.55	*MASTER*	CMD.STOPDEV1	$PPRT1
DEV1	 11324 16:24:01.55	*MASTER*	CMD.STOPDEV1	$PPRT2
DEV1	 11324 16:24:01.56	*MASTER*	CMD.STOPDEV1	$PPRT3
DEV1	 11324 16:24:01.56	*MASTER*	CMD.STOPDEV1	$PPRT4
DEV1	 11324 16:24:01.56	*MASTER*	CMD.STOPDEV1	$PLNE1-17
DEV1	 11324 16:24:01.57	*MASTER*	CMD.STOPDEV1	$PLGN1
DEV1	 11324 16:24:01.57	*MASTER*	CMD.STOPDEV1	$PLGN2
DEV1	 11324 16:24:01.57	*MASTER*	CMD.STOPDEV1	SE 'SYSTEM COMING 
DEV1	 11324 16:24:01.58	*MASTER*	CMD.STOPDEV1	=SHUTDOWN ALL
DEV1	 11324 16:24:01.58	*MASTER*	CMD.STOPDEV1	P IMWEBSRV
DEV1	 11324 16:24:01.59	*MASTER*	CMD.STOPDEV1	P SNMPQE
DEV1	 11324 16:24:01.59	*MASTER*	CMD.STOPDEV1	P OSNMPD
DEV1	 11324 16:24:01.60	*MASTER*	CMD.STOPDEV1	F BPXOINIT,
DEV1	 11324 16:24:01.60	*MASTER*	CMD.STOPDEV1	P  FTPD1
DEV1	 11324 16:24:01.61	*MASTER*	CMD.STOPDEV1	P  INETD4
DEV1	 11324 16:24:01.61	*MASTER*	CMD.STOPDEV1	P  SYSLOGD5
DEV1	 11324 16:24:01.62	*MASTER*	CMD.STOPDEV1	P  CROND6
DEV1	 11324 16:24:01.62	*MASTER*	CMD.STOPDEV1	C GFSCPROC
DEV1	 11324 16:24:01.63	*MASTER*	CMD.STOPDEV1	P SYSBP
DEV1	 11324 16:24:01.63	*MASTER*	CMD.STOPDEV1	P PORTMAP
DEV1	 11324 16:24:01.64	*MASTER*	CMD.STOPDEV1	+T1 STOP QMGR
DEV1	 11324 16:24:01.64	*MASTER*	CMD.STOPDEV1	+M1 STOP QMGR
DEV1	 11324 16:24:01.64	*MASTER*	CMD.STOPDEV1	P IMWEBSRV
DEV1	 11324 16:24:01.65	*MASTER*	CMD.STOPDEV1	ROUTE LIH1,F MIMIT
DEV1	 11324 16:24:01.65	*MASTER*	CMD.STOPDEV1	P ENFSNMPM
DEV1	 11324 16:24:01.66	*MASTER*	CMD.STOPDEV1	P ENF
DEV1	 11324 16:24:01.67	*MASTER*	CMD.STOPDEV1	F RES,END
DEV1	 11324 16:24:01.68	*MASTER*	CMD.STOPDEV1	P CMRSS
DEV1	 11324 16:24:01.70	CA11	MSG.U11D4501	R 10,Y
DEV1	 11324 16:24:01.78	*MASTER*	CMD.STOPDEV1	P TSO
DEV1	 11324 16:24:01.80	*MASTER*	CMD.STOPDEV1	P SDSF
DEV1	 11324 16:24:01.80	*MASTER*	CMD.STOPDEV1	P OAM
DEV1	 11324 16:24:01.81	*MASTER*	CMD.STOPDEV1	P BBCS
DEV1	 11324 16:24:01.81	*MASTER*	CMD.STOPDEV1	F DFHSM,STOP
DEV1	 11324 16:24:01.82	*MASTER*	CMD.STOPDEV1	P TN3270
DEV1	 11324 16:24:01.82	*MASTER*	CMD.STOPDEV1	P RESOLVER
DEV1	 11324 16:24:01.83	*MASTER*	CMD.STOPDEV1	P TCPIP
DEV1	 11324 16:24:01.83	*MASTER*	CMD.STOPDEV1	P LOGROUTE
DEV1	 11324 16:24:01.84	*MASTER*	CMD.STOPDEV1	P BBMXPJCL
DEV1	 11324 16:24:01.84	*MASTER*	CMD.STOPDEV1	P BBHPAS
DEV1	 11324 16:24:01.85	*MASTER*	CMD.STOPDEV1	P CMF
DEV1	 11324 16:24:01.85	*MASTER*	CMD.STOPDEV1	P FFST
DEV1	 11324 16:24:01.86	*MASTER*	CMD.STOPDEV1	Z NET,QUICK
DEV1	 11324 16:24:01.87	*MASTER*	CMD.STOPDEV1	F CA7ICOM,STOP
DEV1	 11324 16:24:01.87	*MASTER*	CMD.STOPDEV1	P AAVIEWER
DEV1	 11324 16:24:01.88	*MASTER*	CMD.STOPDEV1	C XDSSPROC
DEV1	 11324 16:24:01.88	*MASTER*	CMD.STOPDEV1	P STRBSM
DEV1	 11324 16:24:02.53	EPWFFST	MSG.EPW0309I	R 11,yes
DEV1	 11324 16:24:01.89	*MASTER*	CMD.STOPDEV1	P TDCAS
DEV1	 11324 16:24:02.79	*MASTER*	CMD.STOPDEV1	P BDCAS
DEV1	 11324 16:24:02.80	*MASTER*	CMD.STOPDEV1	C  FTPD1
DEV1	 11324 16:24:02.80	*MASTER*	CMD.STOPDEV1	C  INETD4
DEV1	 11324 16:24:02.91	*MASTER*	CMD.STOPDEV1	C  SYSLOGD5
DEV1	 11324 16:24:02.91	*MASTER*	CMD.STOPDEV1	C  CROND6
DEV1	 11324 16:24:02.92	*MASTER*	CMD.STOPDEV1	P RTCS
DEV1	 11324 16:24:02.93	*MASTER*	CMD.STOPDEV1	F OMVS,SHUTDOWN
DEV1	 11324 16:24:02.94	*MASTER*	CMD.STOPDEV1	Z NET,QUICK
DEV1	 11324 16:24:02.94	*MASTER*	CMD.STOPDEV1	BCSS SHUTDOWN
DEV1	 11324 16:24:02.95	*MASTER*	CMD.STOPDEV1	BMCP SHUTDOWN
DEV1	 11324 16:24:02.96	*MASTER*	CMD.STOPDEV1	C AAVIEWER
DEV1	 11324 16:24:04.18	OMVS	MSG.BPXF032D	R 12,I
DEV1	 11324 16:24:04.41	ENF	MSG.CAS9227A	R 13,Y
DEV1	 11324 16:24:05.38	MSTJCL00	EOM.BBCSEOM	P RTCS
DEV1	 11324 16:24:12.14	BBCS	MSG.BBCSDOWN	P RTCS
DEV1	 11324 16:24:12.22	MSTJCL00	EOM.BBCSEOM	P RTCS
DEV1	 11324 16:24:13.36	MSTJCL00	EOM.BBCSEOM	P RTCS
DEV1	 11324 16:24:14.29	MSTJCL00	EOM.BBCSEOM	P RTCS
DEV1	 11324 16:24:17.56	MSTJCL00	EOM.BBCSEOM	P RTCS
LIH1	 11324 15:08:52.57	OPSMAIN	MSG.OPS0123O	S JES2
LIH1	 11324 15:08:56.20	JES2	MSG.$HASP492	S NET.NET
LIH1	 11324 15:08:56.22	JES2	MSG.$HASP492	S OPER,N=INTLIH1
LIH1	 11324 15:08:56.23	JES2	MSG.$HASP492	S TMSINIT
LIH1	 11324 15:08:56.23	JES2	MSG.$HASP492	S SDSF
LIH1	 11324 15:08:56.25	JES2	MSG.$HASP492	S LOGROUTE
LIH1	 11324 15:08:56.26	JES2	MSG.$HASP492	S DFHSM
LIH1	 11324 15:08:56.28	JES2	MSG.$HASP492	S RESOLVE.RES
LIH1	 11324 15:08:57.65	TMSINIT	MSG.IEFTMS0	R 84,X
LIH1	 11324 15:08:57.74	TMSINIT	MSG.IEFTMS4	R 85,U
LIH1	 11324 15:09:02.12	NET	MSG.IST020I	$SLGN1-2
LIH1	 11324 15:09:02.13	NET	MSG.IST020I	$SLNE1-15
LIH1	 11324 15:09:02.14	NET	MSG.IST020I	S TCPIP
LIH1	 11324 15:09:02.15	NET	MSG.IST020I	S BBCS
LIH1	 11324 15:09:02.16	NET	MSG.IST020I	S CMRSS
LIH1	 11324 15:09:02.18	NET	MSG.IST020I	S TSO
LIH1	 11324 15:09:02.19	NET	MSG.IST020I	S HYPERON
LIH1	 11324 15:09:02.20	NET	MSG.IST020I	S VVP
LIH1	 11324 15:09:02.22	NET	MSG.IST020I	v net,act,id=cdrm09
LIH1	 11324 15:09:02.24	NET	MSG.IST020I	S DRXSMF
LIH1	 11324 15:09:02.26	NET	MSG.IST020I	S SYSBP
LIH1	 11324 15:09:02.27	NET	MSG.IST020I	S ATTDAEMN
LIH1	 11324 15:09:02.28	NET	MSG.IST020I	S SLGWRT.L,,,L
LIH1	 11324 15:09:02.29	NET	MSG.IST020I	S CAPKJMR
LIH1	 11324 15:09:02.30	NET	MSG.IST020I	S MXGTMNT
LIH1	 11324 15:09:09.76	LMSINIT	MSG.LM5100I	S XDSSPROC
LIH1	 11324 15:09:09.78	LMSINIT	MSG.LM5100I	S STRBSM
LIH1	 11324 15:09:09.80	LMSINIT	MSG.LM5100I	S TDCAS
LIH1	 11324 15:09:09.84	LMSINIT	MSG.LM5100I	S BDCAS
LIH1	 11324 15:09:09.86	LMSINIT	MSG.LM5100I	S AAVIEWER
LIH1	 11324 15:09:09.91	LMSINIT	MSG.LM5100I	S CWINSTAL
LIH1	 11324 15:09:12.55	SLGWRT	MSG.IEF176I	p L
LIH1	 11324 15:09:20.03	DRXSMF	MSG.OTCD1034	e DRXSMF,
LIH1	 11324 15:09:45.76	CONSOLE	MSG.EZB6473I	S TN3270
LIH1	 11324 15:09:45.77	CONSOLE	MSG.EZB6473I	S SSHD
LIH1	 11324 15:09:45.77	CONSOLE	MSG.EZB6473I	S JQP
LIH1	 11324 15:09:45.78	CONSOLE	MSG.EZB6473I	S IMWEBSRV
LIH1	 11324 15:09:45.79	CONSOLE	MSG.EZB6473I	S E2COMM
LIH1	 11324 15:09:45.80	CONSOLE	MSG.EZB6473I	+P1 START QMGR
LIH1	 11324 15:09:45.81	CONSOLE	MSG.EZAIN11I	S CAIAGENT
LIH1	 11324 15:09:45.81	CONSOLE	MSG.EZAIN11I	S SNMPQE
LIH1	 11324 15:09:45.83	CONSOLE	MSG.EZAIN11I	S OSNMPD
LIH1	 11324 15:09:45.84	CONSOLE	MSG.EZAIN11I	S DTLSTNR
LIH1	 11324 15:09:45.85	CONSOLE	MSG.EZAIN11I	S DRXPWEB
LIH1	 11324 15:09:45.86	CONSOLE	MSG.EZAIN11I	S ENF
LIH1	 11324 15:09:45.86	CONSOLE	MSG.EZAIN11I	S TIMED
LIH1	 11324 15:09:47.25	DTLSTNR	MSG.DTLFAST	E DTLSTNR,
LIH1	 11324 15:09:53.57	QZP1MSTR	MSG.CSQY022Y	+P1 START CHINIT
LIH1	 11324 15:09:57.48	BBCS	MSG.BBCSISUP	S CMF
LIH1	 11324 15:09:57.48	BBCS	MSG.BBCSISUP	S BBHPAS
LIH1	 11324 15:09:57.50	BBCS	MSG.BBCSISUP	S BBMXPJCL
LIH1	 11324 15:10:14.85	ENF	MSG.CAS9626I	S CPS
LIH1	 11324 15:10:14.86	ENF	MSG.CAS9626I	S CA11MUF
LIH1	 11324 15:10:14.88	ENF	MSG.CAS9626I	S ENFSNMPM
LIH1	 11324 15:10:14.90	ENF	MSG.CAS9626I	S CAGTS,ID=&SYSNAM
LIH1	 11324 15:10:16.55	CA11MUF	MSG.DB00215I	S CA11
LIH1	 11324 15:10:20.70	CA11	MSG.U11D0200	S CA7ICOM
LIH1	 11324 15:10:21.00	CA7ICOM	MSG.CA7574	S CA7ONL
LIH1	 11324 15:10:29.29	CA7ONL	MSG.CA7004	S CPM
LIH1	 11324 15:10:29.29	CA7ONL	MSG.CA7004A	S OPER,N=STSHFSSR,
LIH1	 11324 15:10:29.31	CA7ONL	MSG.CA7004L	F CA7ONL,/LOGON 
DEV1	 11324 17:56:38.64	OPSMAIN	MSG.OPS0123O	S JES2
DEV1	 11324 17:56:41.43	JES2	MSG.$HASP492	S NET.NET
DEV1	 11324 17:56:41.44	JES2	MSG.$HASP492	S OPER,N=INTDEV1
DEV1	 11324 17:56:41.45	JES2	MSG.$HASP492	S TMSINIT
DEV1	 11324 17:56:41.45	JES2	MSG.$HASP492	S SDSF
DEV1	 11324 17:56:41.46	JES2	MSG.$HASP492	S LOGROUTE
DEV1	 11324 17:56:41.46	JES2	MSG.$HASP492	S DFHSM
DEV1	 11324 17:56:41.47	JES2	MSG.$HASP492	S RESOLVE.RES
DEV1	 11324 17:56:42.85	TMSINIT	MSG.IEFTMS0	R 36,X
DEV1	 11324 17:56:45.39	NET	MSG.IST020I	$SLGN1-2
DEV1	 11324 17:56:45.40	NET	MSG.IST020I	$SLNE1-15
DEV1	 11324 17:56:45.41	NET	MSG.IST020I	S TCPIP
DEV1	 11324 17:56:45.41	NET	MSG.IST020I	S BBCS
DEV1	 11324 17:56:45.43	NET	MSG.IST020I	S CMRSS
DEV1	 11324 17:56:45.44	NET	MSG.IST020I	S TSO
DEV1	 11324 17:56:45.45	NET	MSG.IST020I	S HYPERON
DEV1	 11324 17:56:45.46	NET	MSG.IST020I	V NET,ACT,ID=CDRM08
DEV1	 11324 17:56:45.48	NET	MSG.IST020I	S SYSBP
DEV1	 11324 17:56:45.49	NET	MSG.IST020I	S ATTDAEMN
DEV1	 11324 17:56:45.51	NET	MSG.IST020I	S SLGWRT.L,,,L
DEV1	 11324 17:56:45.52	NET	MSG.IST020I	S MXGTMNT
DEV1	 11324 17:56:46.59	SLGWRT	MSG.IEF176I	p L
DEV1	 11324 17:56:52.27	LMSINIT	MSG.LM5100I	S XDSSPROC
DEV1	 11324 17:56:52.28	LMSINIT	MSG.LM5100I	S STRBSM
DEV1	 11324 17:56:52.29	LMSINIT	MSG.LM5100I	S TDCAS
DEV1	 11324 17:56:52.30	LMSINIT	MSG.LM5100I	S BDCAS
DEV1	 11324 17:56:52.33	LMSINIT	MSG.LM5100I	S AAVIEWER
DEV1	 11324 17:56:52.40	LMSINIT	MSG.LM5100I	S CWINSTAL
DEV1	 11324 17:57:32.89	CONSOLE	MSG.EZB6473I	S TN3270
DEV1	 11324 17:57:32.90	CONSOLE	MSG.EZB6473I	S SSHD
DEV1	 11324 17:57:32.90	CONSOLE	MSG.EZB6473I	+T1 START QMGR
DEV1	 11324 17:57:32.91	CONSOLE	MSG.EZB6473I	+m1 START QMGR
DEV1	 11324 17:57:32.92	CONSOLE	MSG.EZAIN11I	S CAIAGENT
DEV1	 11324 17:57:32.92	CONSOLE	MSG.EZAIN11I	S SNMPQE
DEV1	 11324 17:57:32.93	CONSOLE	MSG.EZAIN11I	S OSNMPD
DEV1	 11324 17:57:32.93	CONSOLE	MSG.EZAIN11I	S ENF
DEV1	 11324 17:57:32.94	CONSOLE	MSG.EZAIN11I	S TIMED
DEV1	 11324 17:57:39.07	QZT1MSTR	MSG.CSQY022I	+T1 START CHINIT
DEV1	 11324 17:57:39.31	QZM1MSTR	MSG.CSQY022X	+M1 START CHINIT
DEV1	 11324 17:57:42.48	BBCS	MSG.BBCSISUP	S CMF
DEV1	 11324 17:57:42.49	BBCS	MSG.BBCSISUP	S BBHPAS
DEV1	 11324 17:57:42.49	BBCS	MSG.BBCSISUP	S BBMXPJCL
DEV1	 11324 17:57:57.82	ENF	MSG.CAS9626I	s ca11
DEV1	 11324 17:57:57.82	ENF	MSG.CAS9626I	S ENFSNMPM
DEV1	 11324 17:57:57.83	ENF	MSG.CAS9626I	S CAGTS,ID=&SYSNAM
DEV1	 11324 17:58:01.29	CA11	MSG.U11D0200	S CA7ICOM
DEV1	 11324 17:58:01.58	CA7ICOM	MSG.CA7574FS	S OPER,N=STSHFDSR,
